year,direction,priority,scorer_version,count
2014,ai_bioprinting,Exclude,v3,3
2014,am_biomedical,Exclude,v3,17
2014,am_biomedical,Low,v3,3
2014,hip_implant,Exclude,v3,6
2014,hip_implant,Low,v3,2
2014,hip_implant,Medium,v3,1
2015,ai_bioprinting,Exclude,v3,127
2015,ai_bioprinting,Low,v3,82
2015,am_biomedical,Exclude,v3,953
2015,am_biomedical,High,v3,10
2015,am_biomedical,Low,v3,492
2015,am_biomedical,Medium,v3,109
2015,fea_surrogate,Exclude,v3,1848
2015,fea_surrogate,High,v3,7
2015,fea_surrogate,Low,v3,770
2015,fea_surrogate,Medium,v3,189
2015,hip_implant,Exclude,v3,1306
2015,hip_implant,High,v3,17
2015,hip_implant,Low,v3,354
2015,hip_implant,Medium,v3,60
2016,ai_bioprinting,Exclude,v3,246
2016,ai_bioprinting,Low,v3,156
2016,ai_bioprinting,Medium,v3,5
2016,am_biomedical,Exclude,v3,1191
2016,am_biomedical,High,v3,20
2016,am_biomedical,Low,v3,684
2016,am_biomedical,Medium,v3,148
2016,fea_surrogate,Exclude,v3,2000
2016,fea_surrogate,High,v3,10
2016,fea_surrogate,Low,v3,720
2016,fea_surrogate,Medium,v3,181
2016,hip_implant,Exclude,v3,1524
2016,hip_implant,High,v3,28
2016,hip_implant,Low,v3,425
2016,hip_implant,Medium,v3,58
2017,ai_bioprinting,Exclude,v3,297
2017,ai_bioprinting,Low,v3,213
2017,ai_bioprinting,Medium,v3,4
2017,am_biomedical,Exclude,v3,1274
2017,am_biomedical,High,v3,21
2017,am_biomedical,Low,v3,780
2017,am_biomedical,Medium,v3,177
2017,fea_surrogate,Exclude,v3,2122
2017,fea_surrogate,High,v3,12
2017,fea_surrogate,Low,v3,855
2017,fea_surrogate,Medium,v3,205
2017,hip_implant,Exclude,v3,1393
2017,hip_implant,High,v3,26
2017,hip_implant,Low,v3,355
2017,hip_implant,Medium,v3,62
2018,ai_bioprinting,Exclude,v3,297
2018,ai_bioprinting,High,v3,1
2018,ai_bioprinting,Low,v3,264
2018,ai_bioprinting,Medium,v3,11
2018,am_biomedical,Exclude,v3,1277
2018,am_biomedical,High,v3,41
2018,am_biomedical,Low,v3,923
2018,am_biomedical,Medium,v3,215
2018,fea_surrogate,Exclude,v3,1958
2018,fea_surrogate,High,v3,7
2018,fea_surrogate,Low,v3,877
2018,fea_surrogate,Medium,v3,242
2018,hip_implant,Exclude,v3,2045
2018,hip_implant,High,v3,21
2018,hip_implant,Low,v3,641
2018,hip_implant,Medium,v3,88
2019,ai_bioprinting,Exclude,v3,357
2019,ai_bioprinting,Low,v3,405
2019,ai_bioprinting,Medium,v3,21
2019,am_biomedical,Exclude,v3,1292
2019,am_biomedical,High,v3,46
2019,am_biomedical,Low,v3,1263
2019,am_biomedical,Medium,v3,267
2019,fea_surrogate,Exclude,v3,2302
2019,fea_surrogate,High,v3,29
2019,fea_surrogate,Low,v3,1192
2019,fea_surrogate,Medium,v3,337
2019,hip_implant,Exclude,v3,1438
2019,hip_implant,High,v3,14
2019,hip_implant,Low,v3,427
2019,hip_implant,Medium,v3,59
2020,ai_bioprinting,Exclude,v3,493
2020,ai_bioprinting,High,v3,5
2020,ai_bioprinting,Low,v3,576
2020,ai_bioprinting,Medium,v3,52
2020,am_biomedical,Exclude,v3,1429
2020,am_biomedical,High,v3,78
2020,am_biomedical,Low,v3,1676
2020,am_biomedical,Medium,v3,412
2020,fea_surrogate,Exclude,v3,3495
2020,fea_surrogate,High,v3,74
2020,fea_surrogate,Low,v3,1685
2020,fea_surrogate,Medium,v3,589
2020,hip_implant,Exclude,v3,1927
2020,hip_implant,High,v3,31
2020,hip_implant,Low,v3,583
2020,hip_implant,Medium,v3,81
2021,ai_bioprinting,Exclude,v3,646
2021,ai_bioprinting,High,v3,7
2021,ai_bioprinting,Low,v3,598
2021,ai_bioprinting,Medium,v3,29
2021,am_biomedical,Exclude,v3,1791
2021,am_biomedical,High,v3,83
2021,am_biomedical,Low,v3,1759
2021,am_biomedical,Medium,v3,513
2021,fea_surrogate,Exclude,v3,2973
2021,fea_surrogate,High,v3,78
2021,fea_surrogate,Low,v3,1953
2021,fea_surrogate,Medium,v3,738
2021,hip_implant,Exclude,v3,1881
2021,hip_implant,High,v3,14
2021,hip_implant,Low,v3,551
2021,hip_implant,Medium,v3,69
2022,ai_bioprinting,Exclude,v3,747
2022,ai_bioprinting,High,v3,6
2022,ai_bioprinting,Low,v3,600
2022,ai_bioprinting,Medium,v3,37
2022,am_biomedical,Exclude,v3,1768
2022,am_biomedical,High,v3,86
2022,am_biomedical,Low,v3,2032
2022,am_biomedical,Medium,v3,551
2022,fea_surrogate,Exclude,v3,2389
2022,fea_surrogate,High,v3,129
2022,fea_surrogate,Low,v3,2272
2022,fea_surrogate,Medium,v3,863
2022,hip_implant,Exclude,v3,1625
2022,hip_implant,High,v3,18
2022,hip_implant,Low,v3,521
2022,hip_implant,Medium,v3,70
2023,ai_bioprinting,Exclude,v1,3
2023,ai_bioprinting,Exclude,v3,794
2023,ai_bioprinting,High,v3,8
2023,ai_bioprinting,Low,v1,6
2023,ai_bioprinting,Low,v3,450
2023,ai_bioprinting,Medium,v3,39
2023,am_biomedical,Exclude,v1,10
2023,am_biomedical,Exclude,v3,845
2023,am_biomedical,High,v3,26
2023,am_biomedical,Low,v1,4
2023,am_biomedical,Low,v3,440
2023,am_biomedical,Medium,v1,3
2023,am_biomedical,Medium,v3,167
2023,fea_surrogate,Exclude,v3,679
2023,fea_surrogate,High,v3,38
2023,fea_surrogate,Low,v3,574
2023,fea_surrogate,Medium,v3,538
2023,hip_implant,Exclude,v3,301
2023,hip_implant,High,v3,6
2023,hip_implant,Low,v1,2
2023,hip_implant,Low,v3,74
2023,hip_implant,Medium,v3,23
2024,ai_bioprinting,Exclude,v1,38
2024,ai_bioprinting,Exclude,v3,743
2024,ai_bioprinting,High,v3,11
2024,ai_bioprinting,Low,v1,91
2024,ai_bioprinting,Low,v3,520
2024,ai_bioprinting,Medium,v1,9
2024,ai_bioprinting,Medium,v3,54
2024,am_biomedical,Exclude,v1,60
2024,am_biomedical,Exclude,v3,802
2024,am_biomedical,High,v1,2
2024,am_biomedical,High,v3,19
2024,am_biomedical,Low,v1,60
2024,am_biomedical,Low,v3,433
2024,am_biomedical,Medium,v1,24
2024,am_biomedical,Medium,v3,122
2024,fea_surrogate,Exclude,v1,46
2024,fea_surrogate,Exclude,v3,679
2024,fea_surrogate,High,v3,76
2024,fea_surrogate,Low,v1,39
2024,fea_surrogate,Low,v3,842
2024,fea_surrogate,Medium,v1,30
2024,fea_surrogate,Medium,v3,536
2024,hip_implant,Exclude,v1,42
2024,hip_implant,Exclude,v3,563
2024,hip_implant,High,v3,8
2024,hip_implant,Low,v1,19
2024,hip_implant,Low,v3,96
2024,hip_implant,Medium,v1,4
2024,hip_implant,Medium,v3,20
2025,ai_bioprinting,Exclude,v3,498
2025,ai_bioprinting,High,v3,38
2025,ai_bioprinting,Low,v1,1
2025,ai_bioprinting,Low,v3,1122
2025,ai_bioprinting,Medium,v3,176
2025,am_biomedical,Exclude,v3,678
2025,am_biomedical,High,v3,68
2025,am_biomedical,Low,v3,717
2025,am_biomedical,Medium,v3,217
2025,fea_surrogate,Exclude,v3,745
2025,fea_surrogate,High,v3,183
2025,fea_surrogate,Low,v3,1296
2025,fea_surrogate,Medium,v3,729
2025,hip_implant,Exclude,v3,698
2025,hip_implant,High,v1,1
2025,hip_implant,High,v3,26
2025,hip_implant,Low,v1,1
2025,hip_implant,Low,v3,194
2025,hip_implant,Medium,v3,37
2026,ai_bioprinting,Exclude,v3,228
2026,ai_bioprinting,High,v3,22
2026,ai_bioprinting,Low,v3,598
2026,ai_bioprinting,Medium,v3,121
2026,am_biomedical,Exclude,v3,331
2026,am_biomedical,High,v3,42
2026,am_biomedical,Low,v3,409
2026,am_biomedical,Medium,v3,145
2026,fea_surrogate,Exclude,v3,361
2026,fea_surrogate,High,v3,98
2026,fea_surrogate,Low,v3,678
2026,fea_surrogate,Medium,v3,398
2026,hip_implant,Exclude,v3,511
2026,hip_implant,High,v3,6
2026,hip_implant,Low,v3,119
2026,hip_implant,Medium,v3,20
