year_month,direction,priority,scorer_version,count
2014-01,ai_bioprinting,Exclude,v3,1
2014-01,am_biomedical,Exclude,v3,11
2014-01,am_biomedical,Low,v3,1
2014-01,hip_implant,Exclude,v3,2
2014-05,hip_implant,Medium,v3,1
2014-06,ai_bioprinting,Exclude,v3,1
2014-09,ai_bioprinting,Exclude,v3,1
2014-09,hip_implant,Low,v3,2
2014-10,hip_implant,Exclude,v3,2
2014-11,am_biomedical,Exclude,v3,3
2014-11,am_biomedical,Low,v3,1
2014-12,am_biomedical,Exclude,v3,3
2014-12,am_biomedical,Low,v3,1
2014-12,hip_implant,Exclude,v3,2
2015-01,ai_bioprinting,Exclude,v3,34
2015-01,ai_bioprinting,Low,v3,22
2015-01,am_biomedical,Exclude,v3,260
2015-01,am_biomedical,High,v3,2
2015-01,am_biomedical,Low,v3,147
2015-01,am_biomedical,Medium,v3,22
2015-01,fea_surrogate,Exclude,v3,438
2015-01,fea_surrogate,High,v3,3
2015-01,fea_surrogate,Low,v3,229
2015-01,fea_surrogate,Medium,v3,59
2015-01,hip_implant,Exclude,v3,347
2015-01,hip_implant,High,v3,4
2015-01,hip_implant,Low,v3,81
2015-01,hip_implant,Medium,v3,12
2015-02,ai_bioprinting,Exclude,v3,5
2015-02,ai_bioprinting,Low,v3,2
2015-02,am_biomedical,Exclude,v3,48
2015-02,am_biomedical,Low,v3,27
2015-02,am_biomedical,Medium,v3,5
2015-02,fea_surrogate,Exclude,v3,80
2015-02,fea_surrogate,Low,v3,38
2015-02,fea_surrogate,Medium,v3,8
2015-02,hip_implant,Exclude,v3,84
2015-02,hip_implant,High,v3,1
2015-02,hip_implant,Low,v3,19
2015-02,hip_implant,Medium,v3,4
2015-03,ai_bioprinting,Exclude,v3,6
2015-03,ai_bioprinting,Low,v3,4
2015-03,am_biomedical,Exclude,v3,54
2015-03,am_biomedical,High,v3,1
2015-03,am_biomedical,Low,v3,22
2015-03,am_biomedical,Medium,v3,9
2015-03,fea_surrogate,Exclude,v3,130
2015-03,fea_surrogate,Low,v3,36
2015-03,fea_surrogate,Medium,v3,8
2015-03,hip_implant,Exclude,v3,68
2015-03,hip_implant,Low,v3,26
2015-03,hip_implant,Medium,v3,5
2015-04,ai_bioprinting,Exclude,v3,11
2015-04,ai_bioprinting,Low,v3,4
2015-04,am_biomedical,Exclude,v3,60
2015-04,am_biomedical,High,v3,2
2015-04,am_biomedical,Low,v3,39
2015-04,am_biomedical,Medium,v3,11
2015-04,fea_surrogate,Exclude,v3,137
2015-04,fea_surrogate,Low,v3,43
2015-04,fea_surrogate,Medium,v3,9
2015-04,hip_implant,Exclude,v3,94
2015-04,hip_implant,High,v3,1
2015-04,hip_implant,Low,v3,23
2015-04,hip_implant,Medium,v3,2
2015-05,ai_bioprinting,Exclude,v3,14
2015-05,ai_bioprinting,Low,v3,2
2015-05,am_biomedical,Exclude,v3,50
2015-05,am_biomedical,Low,v3,18
2015-05,am_biomedical,Medium,v3,8
2015-05,fea_surrogate,Exclude,v3,90
2015-05,fea_surrogate,Low,v3,44
2015-05,fea_surrogate,Medium,v3,7
2015-05,hip_implant,Exclude,v3,86
2015-05,hip_implant,Low,v3,26
2015-05,hip_implant,Medium,v3,4
2015-06,ai_bioprinting,Exclude,v3,5
2015-06,ai_bioprinting,Low,v3,7
2015-06,am_biomedical,Exclude,v3,80
2015-06,am_biomedical,High,v3,1
2015-06,am_biomedical,Low,v3,40
2015-06,am_biomedical,Medium,v3,8
2015-06,fea_surrogate,Exclude,v3,151
2015-06,fea_surrogate,High,v3,1
2015-06,fea_surrogate,Low,v3,65
2015-06,fea_surrogate,Medium,v3,19
2015-06,hip_implant,Exclude,v3,118
2015-06,hip_implant,High,v3,2
2015-06,hip_implant,Low,v3,23
2015-06,hip_implant,Medium,v3,4
2015-07,ai_bioprinting,Exclude,v3,9
2015-07,ai_bioprinting,Low,v3,6
2015-07,am_biomedical,Exclude,v3,68
2015-07,am_biomedical,Low,v3,30
2015-07,am_biomedical,Medium,v3,10
2015-07,fea_surrogate,Exclude,v3,175
2015-07,fea_surrogate,Low,v3,55
2015-07,fea_surrogate,Medium,v3,15
2015-07,hip_implant,Exclude,v3,81
2015-07,hip_implant,High,v3,1
2015-07,hip_implant,Low,v3,29
2015-07,hip_implant,Medium,v3,3
2015-08,ai_bioprinting,Exclude,v3,4
2015-08,ai_bioprinting,Low,v3,11
2015-08,am_biomedical,Exclude,v3,48
2015-08,am_biomedical,Low,v3,28
2015-08,am_biomedical,Medium,v3,5
2015-08,fea_surrogate,Exclude,v3,96
2015-08,fea_surrogate,High,v3,1
2015-08,fea_surrogate,Low,v3,38
2015-08,fea_surrogate,Medium,v3,14
2015-08,hip_implant,Exclude,v3,73
2015-08,hip_implant,High,v3,3
2015-08,hip_implant,Low,v3,27
2015-08,hip_implant,Medium,v3,7
2015-09,ai_bioprinting,Exclude,v3,13
2015-09,ai_bioprinting,Low,v3,6
2015-09,am_biomedical,Exclude,v3,74
2015-09,am_biomedical,High,v3,1
2015-09,am_biomedical,Low,v3,31
2015-09,am_biomedical,Medium,v3,8
2015-09,fea_surrogate,Exclude,v3,124
2015-09,fea_surrogate,High,v3,1
2015-09,fea_surrogate,Low,v3,59
2015-09,fea_surrogate,Medium,v3,6
2015-09,hip_implant,Exclude,v3,94
2015-09,hip_implant,High,v3,2
2015-09,hip_implant,Low,v3,21
2015-09,hip_implant,Medium,v3,6
2015-10,ai_bioprinting,Exclude,v3,3
2015-10,ai_bioprinting,Low,v3,2
2015-10,am_biomedical,Exclude,v3,66
2015-10,am_biomedical,Low,v3,41
2015-10,am_biomedical,Medium,v3,11
2015-10,fea_surrogate,Exclude,v3,145
2015-10,fea_surrogate,Low,v3,38
2015-10,fea_surrogate,Medium,v3,8
2015-10,hip_implant,Exclude,v3,84
2015-10,hip_implant,High,v3,2
2015-10,hip_implant,Low,v3,25
2015-10,hip_implant,Medium,v3,5
2015-11,ai_bioprinting,Exclude,v3,8
2015-11,ai_bioprinting,Low,v3,9
2015-11,am_biomedical,Exclude,v3,69
2015-11,am_biomedical,High,v3,3
2015-11,am_biomedical,Low,v3,30
2015-11,am_biomedical,Medium,v3,1
2015-11,fea_surrogate,Exclude,v3,113
2015-11,fea_surrogate,Low,v3,50
2015-11,fea_surrogate,Medium,v3,24
2015-11,hip_implant,Exclude,v3,78
2015-11,hip_implant,Low,v3,29
2015-11,hip_implant,Medium,v3,3
2015-12,ai_bioprinting,Exclude,v3,15
2015-12,ai_bioprinting,Low,v3,7
2015-12,am_biomedical,Exclude,v3,76
2015-12,am_biomedical,Low,v3,39
2015-12,am_biomedical,Medium,v3,11
2015-12,fea_surrogate,Exclude,v3,169
2015-12,fea_surrogate,High,v3,1
2015-12,fea_surrogate,Low,v3,75
2015-12,fea_surrogate,Medium,v3,12
2015-12,hip_implant,Exclude,v3,99
2015-12,hip_implant,High,v3,1
2015-12,hip_implant,Low,v3,25
2015-12,hip_implant,Medium,v3,5
2016-01,ai_bioprinting,Exclude,v3,69
2016-01,ai_bioprinting,Low,v3,50
2016-01,ai_bioprinting,Medium,v3,2
2016-01,am_biomedical,Exclude,v3,281
2016-01,am_biomedical,High,v3,2
2016-01,am_biomedical,Low,v3,201
2016-01,am_biomedical,Medium,v3,39
2016-01,fea_surrogate,Exclude,v3,408
2016-01,fea_surrogate,High,v3,4
2016-01,fea_surrogate,Low,v3,144
2016-01,fea_surrogate,Medium,v3,34
2016-01,hip_implant,Exclude,v3,343
2016-01,hip_implant,High,v3,4
2016-01,hip_implant,Low,v3,91
2016-01,hip_implant,Medium,v3,18
2016-02,ai_bioprinting,Exclude,v3,10
2016-02,ai_bioprinting,Low,v3,12
2016-02,am_biomedical,Exclude,v3,73
2016-02,am_biomedical,High,v3,1
2016-02,am_biomedical,Low,v3,38
2016-02,am_biomedical,Medium,v3,4
2016-02,fea_surrogate,Exclude,v3,109
2016-02,fea_surrogate,Low,v3,41
2016-02,fea_surrogate,Medium,v3,9
2016-02,hip_implant,Exclude,v3,107
2016-02,hip_implant,High,v3,2
2016-02,hip_implant,Low,v3,29
2016-02,hip_implant,Medium,v3,2
2016-03,ai_bioprinting,Exclude,v3,16
2016-03,ai_bioprinting,Low,v3,10
2016-03,am_biomedical,Exclude,v3,71
2016-03,am_biomedical,High,v3,3
2016-03,am_biomedical,Low,v3,37
2016-03,am_biomedical,Medium,v3,15
2016-03,fea_surrogate,Exclude,v3,174
2016-03,fea_surrogate,High,v3,1
2016-03,fea_surrogate,Low,v3,51
2016-03,fea_surrogate,Medium,v3,16
2016-03,hip_implant,Exclude,v3,111
2016-03,hip_implant,High,v3,2
2016-03,hip_implant,Low,v3,15
2016-03,hip_implant,Medium,v3,9
2016-04,ai_bioprinting,Exclude,v3,11
2016-04,ai_bioprinting,Low,v3,13
2016-04,am_biomedical,Exclude,v3,93
2016-04,am_biomedical,High,v3,1
2016-04,am_biomedical,Low,v3,36
2016-04,am_biomedical,Medium,v3,8
2016-04,fea_surrogate,Exclude,v3,169
2016-04,fea_surrogate,High,v3,1
2016-04,fea_surrogate,Low,v3,49
2016-04,fea_surrogate,Medium,v3,17
2016-04,hip_implant,Exclude,v3,88
2016-04,hip_implant,High,v3,1
2016-04,hip_implant,Low,v3,27
2016-04,hip_implant,Medium,v3,3
2016-05,ai_bioprinting,Exclude,v3,14
2016-05,ai_bioprinting,Low,v3,10
2016-05,ai_bioprinting,Medium,v3,1
2016-05,am_biomedical,Exclude,v3,77
2016-05,am_biomedical,High,v3,1
2016-05,am_biomedical,Low,v3,46
2016-05,am_biomedical,Medium,v3,20
2016-05,fea_surrogate,Exclude,v3,117
2016-05,fea_surrogate,High,v3,1
2016-05,fea_surrogate,Low,v3,47
2016-05,fea_surrogate,Medium,v3,12
2016-05,hip_implant,Exclude,v3,148
2016-05,hip_implant,High,v3,6
2016-05,hip_implant,Low,v3,44
2016-05,hip_implant,Medium,v3,5
2016-06,ai_bioprinting,Exclude,v3,14
2016-06,ai_bioprinting,Low,v3,10
2016-06,am_biomedical,Exclude,v3,73
2016-06,am_biomedical,High,v3,4
2016-06,am_biomedical,Low,v3,48
2016-06,am_biomedical,Medium,v3,8
2016-06,fea_surrogate,Exclude,v3,133
2016-06,fea_surrogate,Low,v3,72
2016-06,fea_surrogate,Medium,v3,18
2016-06,hip_implant,Exclude,v3,127
2016-06,hip_implant,High,v3,1
2016-06,hip_implant,Low,v3,45
2016-06,hip_implant,Medium,v3,2
2016-07,ai_bioprinting,Exclude,v3,14
2016-07,ai_bioprinting,Low,v3,11
2016-07,ai_bioprinting,Medium,v3,1
2016-07,am_biomedical,Exclude,v3,69
2016-07,am_biomedical,High,v3,2
2016-07,am_biomedical,Low,v3,42
2016-07,am_biomedical,Medium,v3,6
2016-07,fea_surrogate,Exclude,v3,208
2016-07,fea_surrogate,Low,v3,46
2016-07,fea_surrogate,Medium,v3,6
2016-07,hip_implant,Exclude,v3,78
2016-07,hip_implant,High,v3,4
2016-07,hip_implant,Low,v3,27
2016-07,hip_implant,Medium,v3,3
2016-08,ai_bioprinting,Exclude,v3,24
2016-08,ai_bioprinting,Low,v3,6
2016-08,am_biomedical,Exclude,v3,72
2016-08,am_biomedical,Low,v3,51
2016-08,am_biomedical,Medium,v3,8
2016-08,fea_surrogate,Exclude,v3,100
2016-08,fea_surrogate,High,v3,2
2016-08,fea_surrogate,Low,v3,52
2016-08,fea_surrogate,Medium,v3,7
2016-08,hip_implant,Exclude,v3,92
2016-08,hip_implant,Low,v3,34
2016-08,hip_implant,Medium,v3,3
2016-09,ai_bioprinting,Exclude,v3,20
2016-09,ai_bioprinting,Low,v3,9
2016-09,am_biomedical,Exclude,v3,99
2016-09,am_biomedical,High,v3,4
2016-09,am_biomedical,Low,v3,39
2016-09,am_biomedical,Medium,v3,12
2016-09,fea_surrogate,Exclude,v3,122
2016-09,fea_surrogate,Low,v3,48
2016-09,fea_surrogate,Medium,v3,13
2016-09,hip_implant,Exclude,v3,111
2016-09,hip_implant,High,v3,3
2016-09,hip_implant,Low,v3,30
2016-09,hip_implant,Medium,v3,1
2016-10,ai_bioprinting,Exclude,v3,19
2016-10,ai_bioprinting,Low,v3,9
2016-10,am_biomedical,Exclude,v3,93
2016-10,am_biomedical,High,v3,1
2016-10,am_biomedical,Low,v3,56
2016-10,am_biomedical,Medium,v3,13
2016-10,fea_surrogate,Exclude,v3,139
2016-10,fea_surrogate,Low,v3,45
2016-10,fea_surrogate,Medium,v3,17
2016-10,hip_implant,Exclude,v3,100
2016-10,hip_implant,High,v3,1
2016-10,hip_implant,Low,v3,22
2016-10,hip_implant,Medium,v3,4
2016-11,ai_bioprinting,Exclude,v3,15
2016-11,ai_bioprinting,Low,v3,6
2016-11,ai_bioprinting,Medium,v3,1
2016-11,am_biomedical,Exclude,v3,94
2016-11,am_biomedical,Low,v3,39
2016-11,am_biomedical,Medium,v3,6
2016-11,fea_surrogate,Exclude,v3,123
2016-11,fea_surrogate,High,v3,1
2016-11,fea_surrogate,Low,v3,60
2016-11,fea_surrogate,Medium,v3,14
2016-11,hip_implant,Exclude,v3,111
2016-11,hip_implant,High,v3,4
2016-11,hip_implant,Low,v3,36
2016-11,hip_implant,Medium,v3,2
2016-12,ai_bioprinting,Exclude,v3,20
2016-12,ai_bioprinting,Low,v3,10
2016-12,am_biomedical,Exclude,v3,96
2016-12,am_biomedical,High,v3,1
2016-12,am_biomedical,Low,v3,51
2016-12,am_biomedical,Medium,v3,9
2016-12,fea_surrogate,Exclude,v3,198
2016-12,fea_surrogate,Low,v3,65
2016-12,fea_surrogate,Medium,v3,18
2016-12,hip_implant,Exclude,v3,108
2016-12,hip_implant,Low,v3,25
2016-12,hip_implant,Medium,v3,6
2017-01,ai_bioprinting,Exclude,v3,93
2017-01,ai_bioprinting,Low,v3,60
2017-01,ai_bioprinting,Medium,v3,1
2017-01,am_biomedical,Exclude,v3,323
2017-01,am_biomedical,High,v3,9
2017-01,am_biomedical,Low,v3,210
2017-01,am_biomedical,Medium,v3,43
2017-01,fea_surrogate,Exclude,v3,466
2017-01,fea_surrogate,High,v3,5
2017-01,fea_surrogate,Low,v3,184
2017-01,fea_surrogate,Medium,v3,43
2017-01,hip_implant,Exclude,v3,318
2017-01,hip_implant,High,v3,7
2017-01,hip_implant,Low,v3,61
2017-01,hip_implant,Medium,v3,17
2017-02,ai_bioprinting,Exclude,v3,16
2017-02,ai_bioprinting,Low,v3,6
2017-02,am_biomedical,Exclude,v3,77
2017-02,am_biomedical,High,v3,2
2017-02,am_biomedical,Low,v3,43
2017-02,am_biomedical,Medium,v3,13
2017-02,fea_surrogate,Exclude,v3,116
2017-02,fea_surrogate,High,v3,1
2017-02,fea_surrogate,Low,v3,58
2017-02,fea_surrogate,Medium,v3,13
2017-02,hip_implant,Exclude,v3,99
2017-02,hip_implant,High,v3,3
2017-02,hip_implant,Low,v3,41
2017-02,hip_implant,Medium,v3,8
2017-03,ai_bioprinting,Exclude,v3,23
2017-03,ai_bioprinting,Low,v3,13
2017-03,ai_bioprinting,Medium,v3,2
2017-03,am_biomedical,Exclude,v3,86
2017-03,am_biomedical,High,v3,1
2017-03,am_biomedical,Low,v3,56
2017-03,am_biomedical,Medium,v3,14
2017-03,fea_surrogate,Exclude,v3,220
2017-03,fea_surrogate,High,v3,1
2017-03,fea_surrogate,Low,v3,49
2017-03,fea_surrogate,Medium,v3,15
2017-03,hip_implant,Exclude,v3,127
2017-03,hip_implant,High,v3,1
2017-03,hip_implant,Low,v3,36
2017-03,hip_implant,Medium,v3,5
2017-04,ai_bioprinting,Exclude,v3,13
2017-04,ai_bioprinting,Low,v3,14
2017-04,am_biomedical,Exclude,v3,70
2017-04,am_biomedical,High,v3,3
2017-04,am_biomedical,Low,v3,41
2017-04,am_biomedical,Medium,v3,12
2017-04,fea_surrogate,Exclude,v3,171
2017-04,fea_surrogate,Low,v3,63
2017-04,fea_surrogate,Medium,v3,7
2017-04,hip_implant,Exclude,v3,120
2017-04,hip_implant,Low,v3,33
2017-04,hip_implant,Medium,v3,2
2017-05,ai_bioprinting,Exclude,v3,14
2017-05,ai_bioprinting,Low,v3,18
2017-05,am_biomedical,Exclude,v3,108
2017-05,am_biomedical,Low,v3,56
2017-05,am_biomedical,Medium,v3,5
2017-05,fea_surrogate,Exclude,v3,135
2017-05,fea_surrogate,High,v3,1
2017-05,fea_surrogate,Low,v3,96
2017-05,fea_surrogate,Medium,v3,12
2017-05,hip_implant,Exclude,v3,116
2017-05,hip_implant,Low,v3,28
2017-05,hip_implant,Medium,v3,2
2017-06,ai_bioprinting,Exclude,v3,16
2017-06,ai_bioprinting,Low,v3,16
2017-06,am_biomedical,Exclude,v3,55
2017-06,am_biomedical,Low,v3,22
2017-06,am_biomedical,Medium,v3,11
2017-06,fea_surrogate,Exclude,v3,6
2017-06,fea_surrogate,Low,v3,22
2017-06,fea_surrogate,Medium,v3,3
2017-06,hip_implant,Exclude,v3,15
2017-06,hip_implant,High,v3,1
2017-06,hip_implant,Low,v3,3
2017-06,hip_implant,Medium,v3,1
2017-07,ai_bioprinting,Exclude,v3,24
2017-07,ai_bioprinting,Low,v3,19
2017-07,am_biomedical,Exclude,v3,105
2017-07,am_biomedical,High,v3,1
2017-07,am_biomedical,Low,v3,49
2017-07,am_biomedical,Medium,v3,13
2017-07,fea_surrogate,Exclude,v3,178
2017-07,fea_surrogate,High,v3,2
2017-07,fea_surrogate,Low,v3,69
2017-07,fea_surrogate,Medium,v3,20
2017-07,hip_implant,Exclude,v3,103
2017-07,hip_implant,Low,v3,20
2017-07,hip_implant,Medium,v3,4
2017-08,ai_bioprinting,Exclude,v3,18
2017-08,ai_bioprinting,Low,v3,16
2017-08,am_biomedical,Exclude,v3,91
2017-08,am_biomedical,High,v3,1
2017-08,am_biomedical,Low,v3,47
2017-08,am_biomedical,Medium,v3,14
2017-08,fea_surrogate,Exclude,v3,160
2017-08,fea_surrogate,Low,v3,69
2017-08,fea_surrogate,Medium,v3,18
2017-08,hip_implant,Exclude,v3,95
2017-08,hip_implant,High,v3,4
2017-08,hip_implant,Low,v3,15
2017-08,hip_implant,Medium,v3,3
2017-09,ai_bioprinting,Exclude,v3,22
2017-09,ai_bioprinting,Low,v3,5
2017-09,ai_bioprinting,Medium,v3,1
2017-09,am_biomedical,Exclude,v3,97
2017-09,am_biomedical,Low,v3,59
2017-09,am_biomedical,Medium,v3,11
2017-09,fea_surrogate,Exclude,v3,153
2017-09,fea_surrogate,High,v3,1
2017-09,fea_surrogate,Low,v3,42
2017-09,fea_surrogate,Medium,v3,9
2017-09,hip_implant,Exclude,v3,88
2017-09,hip_implant,High,v3,4
2017-09,hip_implant,Low,v3,28
2017-09,hip_implant,Medium,v3,6
2017-10,ai_bioprinting,Exclude,v3,23
2017-10,ai_bioprinting,Low,v3,13
2017-10,am_biomedical,Exclude,v3,98
2017-10,am_biomedical,High,v3,2
2017-10,am_biomedical,Low,v3,71
2017-10,am_biomedical,Medium,v3,12
2017-10,fea_surrogate,Exclude,v3,142
2017-10,fea_surrogate,Low,v3,65
2017-10,fea_surrogate,Medium,v3,12
2017-10,hip_implant,Exclude,v3,106
2017-10,hip_implant,High,v3,3
2017-10,hip_implant,Low,v3,28
2017-10,hip_implant,Medium,v3,2
2017-11,ai_bioprinting,Exclude,v3,21
2017-11,ai_bioprinting,Low,v3,16
2017-11,am_biomedical,Exclude,v3,72
2017-11,am_biomedical,High,v3,1
2017-11,am_biomedical,Low,v3,70
2017-11,am_biomedical,Medium,v3,19
2017-11,fea_surrogate,Exclude,v3,189
2017-11,fea_surrogate,High,v3,1
2017-11,fea_surrogate,Low,v3,70
2017-11,fea_surrogate,Medium,v3,28
2017-11,hip_implant,Exclude,v3,93
2017-11,hip_implant,High,v3,3
2017-11,hip_implant,Low,v3,25
2017-11,hip_implant,Medium,v3,6
2017-12,ai_bioprinting,Exclude,v3,14
2017-12,ai_bioprinting,Low,v3,17
2017-12,am_biomedical,Exclude,v3,92
2017-12,am_biomedical,High,v3,1
2017-12,am_biomedical,Low,v3,56
2017-12,am_biomedical,Medium,v3,10
2017-12,fea_surrogate,Exclude,v3,186
2017-12,fea_surrogate,Low,v3,68
2017-12,fea_surrogate,Medium,v3,25
2017-12,hip_implant,Exclude,v3,113
2017-12,hip_implant,Low,v3,37
2017-12,hip_implant,Medium,v3,6
2018-01,ai_bioprinting,Exclude,v3,66
2018-01,ai_bioprinting,Low,v3,79
2018-01,ai_bioprinting,Medium,v3,1
2018-01,am_biomedical,Exclude,v3,349
2018-01,am_biomedical,High,v3,8
2018-01,am_biomedical,Low,v3,268
2018-01,am_biomedical,Medium,v3,58
2018-01,fea_surrogate,Exclude,v3,479
2018-01,fea_surrogate,High,v3,3
2018-01,fea_surrogate,Low,v3,191
2018-01,fea_surrogate,Medium,v3,54
2018-01,hip_implant,Exclude,v3,256
2018-01,hip_implant,High,v3,2
2018-01,hip_implant,Low,v3,61
2018-01,hip_implant,Medium,v3,10
2018-02,ai_bioprinting,Exclude,v3,22
2018-02,ai_bioprinting,Low,v3,12
2018-02,ai_bioprinting,Medium,v3,1
2018-02,am_biomedical,Exclude,v3,89
2018-02,am_biomedical,Low,v3,81
2018-02,am_biomedical,Medium,v3,23
2018-02,fea_surrogate,Exclude,v3,142
2018-02,fea_surrogate,Low,v3,36
2018-02,fea_surrogate,Medium,v3,12
2018-02,hip_implant,Exclude,v3,837
2018-02,hip_implant,High,v3,8
2018-02,hip_implant,Low,v3,317
2018-02,hip_implant,Medium,v3,42
2018-03,ai_bioprinting,Exclude,v3,17
2018-03,ai_bioprinting,Low,v3,13
2018-03,ai_bioprinting,Medium,v3,1
2018-03,am_biomedical,Exclude,v3,98
2018-03,am_biomedical,High,v3,4
2018-03,am_biomedical,Low,v3,62
2018-03,am_biomedical,Medium,v3,15
2018-03,fea_surrogate,Exclude,v3,197
2018-03,fea_surrogate,Low,v3,52
2018-03,fea_surrogate,Medium,v3,20
2018-03,hip_implant,Exclude,v3,127
2018-03,hip_implant,High,v3,1
2018-03,hip_implant,Low,v3,19
2018-03,hip_implant,Medium,v3,4
2018-04,ai_bioprinting,Exclude,v3,28
2018-04,ai_bioprinting,Low,v3,20
2018-04,ai_bioprinting,Medium,v3,1
2018-04,am_biomedical,Exclude,v3,131
2018-04,am_biomedical,High,v3,3
2018-04,am_biomedical,Low,v3,54
2018-04,am_biomedical,Medium,v3,23
2018-04,fea_surrogate,Exclude,v3,190
2018-04,fea_surrogate,Low,v3,78
2018-04,fea_surrogate,Medium,v3,13
2018-04,hip_implant,Exclude,v3,148
2018-04,hip_implant,Low,v3,41
2018-04,hip_implant,Medium,v3,5
2018-05,ai_bioprinting,Exclude,v3,26
2018-05,ai_bioprinting,Low,v3,18
2018-05,am_biomedical,Exclude,v3,114
2018-05,am_biomedical,High,v3,3
2018-05,am_biomedical,Low,v3,76
2018-05,am_biomedical,Medium,v3,14
2018-05,fea_surrogate,Exclude,v3,217
2018-05,fea_surrogate,Low,v3,61
2018-05,fea_surrogate,Medium,v3,18
2018-05,hip_implant,Exclude,v3,138
2018-05,hip_implant,High,v3,1
2018-05,hip_implant,Low,v3,39
2018-05,hip_implant,Medium,v3,3
2018-06,ai_bioprinting,Exclude,v3,19
2018-06,ai_bioprinting,Low,v3,24
2018-06,ai_bioprinting,Medium,v3,3
2018-06,am_biomedical,Exclude,v3,111
2018-06,am_biomedical,High,v3,1
2018-06,am_biomedical,Low,v3,68
2018-06,am_biomedical,Medium,v3,12
2018-06,fea_surrogate,Exclude,v3,197
2018-06,fea_surrogate,Low,v3,121
2018-06,fea_surrogate,Medium,v3,29
2018-06,hip_implant,Exclude,v3,161
2018-06,hip_implant,High,v3,1
2018-06,hip_implant,Low,v3,34
2018-06,hip_implant,Medium,v3,6
2018-07,ai_bioprinting,Exclude,v3,25
2018-07,ai_bioprinting,High,v3,1
2018-07,ai_bioprinting,Low,v3,18
2018-07,am_biomedical,Exclude,v3,76
2018-07,am_biomedical,High,v3,2
2018-07,am_biomedical,Low,v3,51
2018-07,am_biomedical,Medium,v3,17
2018-07,fea_surrogate,Exclude,v3,65
2018-07,fea_surrogate,Low,v3,62
2018-07,fea_surrogate,Medium,v3,18
2018-07,hip_implant,Exclude,v3,79
2018-07,hip_implant,High,v3,2
2018-07,hip_implant,Low,v3,26
2018-07,hip_implant,Medium,v3,2
2018-08,ai_bioprinting,Exclude,v3,18
2018-08,ai_bioprinting,Low,v3,14
2018-08,ai_bioprinting,Medium,v3,2
2018-08,am_biomedical,Exclude,v3,69
2018-08,am_biomedical,High,v3,11
2018-08,am_biomedical,Low,v3,67
2018-08,am_biomedical,Medium,v3,12
2018-08,fea_surrogate,Exclude,v3,66
2018-08,fea_surrogate,High,v3,2
2018-08,fea_surrogate,Low,v3,46
2018-08,fea_surrogate,Medium,v3,25
2018-08,hip_implant,Exclude,v3,93
2018-08,hip_implant,High,v3,2
2018-08,hip_implant,Low,v3,23
2018-08,hip_implant,Medium,v3,4
2018-09,ai_bioprinting,Exclude,v3,19
2018-09,ai_bioprinting,Low,v3,5
2018-09,am_biomedical,Exclude,v3,20
2018-09,am_biomedical,High,v3,1
2018-09,am_biomedical,Low,v3,8
2018-09,hip_implant,Exclude,v3,6
2018-09,hip_implant,Low,v3,3
2018-09,hip_implant,Medium,v3,2
2018-10,ai_bioprinting,Exclude,v3,18
2018-10,ai_bioprinting,Low,v3,2
2018-10,am_biomedical,Exclude,v3,30
2018-10,am_biomedical,Low,v3,7
2018-10,am_biomedical,Medium,v3,2
2018-10,fea_surrogate,Exclude,v3,6
2018-10,fea_surrogate,Low,v3,33
2018-10,fea_surrogate,Medium,v3,9
2018-10,hip_implant,Exclude,v3,2
2018-10,hip_implant,High,v3,1
2018-10,hip_implant,Low,v3,2
2018-10,hip_implant,Medium,v3,1
2018-11,ai_bioprinting,Exclude,v3,19
2018-11,ai_bioprinting,Low,v3,22
2018-11,ai_bioprinting,Medium,v3,1
2018-11,am_biomedical,Exclude,v3,91
2018-11,am_biomedical,High,v3,1
2018-11,am_biomedical,Low,v3,87
2018-11,am_biomedical,Medium,v3,16
2018-11,fea_surrogate,Exclude,v3,187
2018-11,fea_surrogate,High,v3,1
2018-11,fea_surrogate,Low,v3,100
2018-11,fea_surrogate,Medium,v3,26
2018-11,hip_implant,Exclude,v3,108
2018-11,hip_implant,High,v3,2
2018-11,hip_implant,Low,v3,49
2018-11,hip_implant,Medium,v3,6
2018-12,ai_bioprinting,Exclude,v3,20
2018-12,ai_bioprinting,Low,v3,37
2018-12,ai_bioprinting,Medium,v3,1
2018-12,am_biomedical,Exclude,v3,99
2018-12,am_biomedical,High,v3,7
2018-12,am_biomedical,Low,v3,94
2018-12,am_biomedical,Medium,v3,23
2018-12,fea_surrogate,Exclude,v3,212
2018-12,fea_surrogate,High,v3,1
2018-12,fea_surrogate,Low,v3,97
2018-12,fea_surrogate,Medium,v3,18
2018-12,hip_implant,Exclude,v3,90
2018-12,hip_implant,High,v3,1
2018-12,hip_implant,Low,v3,27
2018-12,hip_implant,Medium,v3,3
2019-01,ai_bioprinting,Exclude,v3,56
2019-01,ai_bioprinting,Low,v3,91
2019-01,ai_bioprinting,Medium,v3,6
2019-01,am_biomedical,Exclude,v3,244
2019-01,am_biomedical,High,v3,14
2019-01,am_biomedical,Low,v3,315
2019-01,am_biomedical,Medium,v3,52
2019-01,fea_surrogate,Exclude,v3,410
2019-01,fea_surrogate,High,v3,2
2019-01,fea_surrogate,Low,v3,224
2019-01,fea_surrogate,Medium,v3,80
2019-01,hip_implant,Exclude,v3,207
2019-01,hip_implant,High,v3,4
2019-01,hip_implant,Low,v3,66
2019-01,hip_implant,Medium,v3,12
2019-02,ai_bioprinting,Exclude,v3,14
2019-02,ai_bioprinting,Low,v3,6
2019-02,am_biomedical,Exclude,v3,31
2019-02,am_biomedical,High,v3,1
2019-02,am_biomedical,Low,v3,13
2019-02,am_biomedical,Medium,v3,5
2019-02,fea_surrogate,Exclude,v3,11
2019-02,fea_surrogate,High,v3,1
2019-02,fea_surrogate,Low,v3,27
2019-02,fea_surrogate,Medium,v3,18
2019-02,hip_implant,Exclude,v3,4
2019-02,hip_implant,Low,v3,1
2019-03,ai_bioprinting,Exclude,v3,23
2019-03,ai_bioprinting,Low,v3,7
2019-03,am_biomedical,Exclude,v3,27
2019-03,am_biomedical,Low,v3,10
2019-03,am_biomedical,Medium,v3,1
2019-03,fea_surrogate,Exclude,v3,10
2019-03,fea_surrogate,High,v3,2
2019-03,fea_surrogate,Low,v3,27
2019-03,fea_surrogate,Medium,v3,5
2019-03,hip_implant,Exclude,v3,5
2019-03,hip_implant,High,v3,2
2019-03,hip_implant,Low,v3,4
2019-04,ai_bioprinting,Exclude,v3,25
2019-04,ai_bioprinting,Low,v3,50
2019-04,ai_bioprinting,Medium,v3,1
2019-04,am_biomedical,Exclude,v3,111
2019-04,am_biomedical,High,v3,3
2019-04,am_biomedical,Low,v3,103
2019-04,am_biomedical,Medium,v3,19
2019-04,fea_surrogate,Exclude,v3,215
2019-04,fea_surrogate,High,v3,3
2019-04,fea_surrogate,Low,v3,100
2019-04,fea_surrogate,Medium,v3,20
2019-04,hip_implant,Exclude,v3,169
2019-04,hip_implant,Low,v3,56
2019-04,hip_implant,Medium,v3,11
2019-05,ai_bioprinting,Exclude,v3,27
2019-05,ai_bioprinting,Low,v3,29
2019-05,ai_bioprinting,Medium,v3,2
2019-05,am_biomedical,Exclude,v3,111
2019-05,am_biomedical,High,v3,7
2019-05,am_biomedical,Low,v3,122
2019-05,am_biomedical,Medium,v3,20
2019-05,fea_surrogate,Exclude,v3,178
2019-05,fea_surrogate,High,v3,6
2019-05,fea_surrogate,Low,v3,141
2019-05,fea_surrogate,Medium,v3,49
2019-05,hip_implant,Exclude,v3,165
2019-05,hip_implant,High,v3,1
2019-05,hip_implant,Low,v3,52
2019-05,hip_implant,Medium,v3,5
2019-06,ai_bioprinting,Exclude,v3,33
2019-06,ai_bioprinting,Low,v3,21
2019-06,ai_bioprinting,Medium,v3,1
2019-06,am_biomedical,Exclude,v3,118
2019-06,am_biomedical,High,v3,2
2019-06,am_biomedical,Low,v3,92
2019-06,am_biomedical,Medium,v3,24
2019-06,fea_surrogate,Exclude,v3,185
2019-06,fea_surrogate,High,v3,1
2019-06,fea_surrogate,Low,v3,99
2019-06,fea_surrogate,Medium,v3,29
2019-06,hip_implant,Exclude,v3,121
2019-06,hip_implant,High,v3,1
2019-06,hip_implant,Low,v3,32
2019-06,hip_implant,Medium,v3,8
2019-07,ai_bioprinting,Exclude,v3,20
2019-07,ai_bioprinting,Low,v3,34
2019-07,ai_bioprinting,Medium,v3,3
2019-07,am_biomedical,Exclude,v3,94
2019-07,am_biomedical,High,v3,2
2019-07,am_biomedical,Low,v3,101
2019-07,am_biomedical,Medium,v3,16
2019-07,fea_surrogate,Exclude,v3,217
2019-07,fea_surrogate,High,v3,1
2019-07,fea_surrogate,Low,v3,99
2019-07,fea_surrogate,Medium,v3,26
2019-07,hip_implant,Exclude,v3,121
2019-07,hip_implant,High,v3,2
2019-07,hip_implant,Low,v3,31
2019-07,hip_implant,Medium,v3,3
2019-08,ai_bioprinting,Exclude,v3,20
2019-08,ai_bioprinting,Low,v3,40
2019-08,ai_bioprinting,Medium,v3,2
2019-08,am_biomedical,Exclude,v3,80
2019-08,am_biomedical,High,v3,5
2019-08,am_biomedical,Low,v3,114
2019-08,am_biomedical,Medium,v3,27
2019-08,fea_surrogate,Exclude,v3,178
2019-08,fea_surrogate,High,v3,5
2019-08,fea_surrogate,Low,v3,64
2019-08,fea_surrogate,Medium,v3,17
2019-08,hip_implant,Exclude,v3,112
2019-08,hip_implant,Low,v3,22
2019-08,hip_implant,Medium,v3,4
2019-09,ai_bioprinting,Exclude,v3,44
2019-09,ai_bioprinting,Low,v3,31
2019-09,am_biomedical,Exclude,v3,133
2019-09,am_biomedical,High,v3,3
2019-09,am_biomedical,Low,v3,96
2019-09,am_biomedical,Medium,v3,24
2019-09,fea_surrogate,Exclude,v3,219
2019-09,fea_surrogate,High,v3,2
2019-09,fea_surrogate,Low,v3,126
2019-09,fea_surrogate,Medium,v3,30
2019-09,hip_implant,Exclude,v3,117
2019-09,hip_implant,High,v3,1
2019-09,hip_implant,Low,v3,32
2019-09,hip_implant,Medium,v3,5
2019-10,ai_bioprinting,Exclude,v3,29
2019-10,ai_bioprinting,Low,v3,26
2019-10,am_biomedical,Exclude,v3,113
2019-10,am_biomedical,High,v3,1
2019-10,am_biomedical,Low,v3,82
2019-10,am_biomedical,Medium,v3,23
2019-10,fea_surrogate,Exclude,v3,189
2019-10,fea_surrogate,High,v3,3
2019-10,fea_surrogate,Low,v3,87
2019-10,fea_surrogate,Medium,v3,16
2019-10,hip_implant,Exclude,v3,166
2019-10,hip_implant,High,v3,2
2019-10,hip_implant,Low,v3,43
2019-10,hip_implant,Medium,v3,6
2019-11,ai_bioprinting,Exclude,v3,47
2019-11,ai_bioprinting,Low,v3,27
2019-11,ai_bioprinting,Medium,v3,3
2019-11,am_biomedical,Exclude,v3,122
2019-11,am_biomedical,High,v3,5
2019-11,am_biomedical,Low,v3,96
2019-11,am_biomedical,Medium,v3,25
2019-11,fea_surrogate,Exclude,v3,210
2019-11,fea_surrogate,Low,v3,95
2019-11,fea_surrogate,Medium,v3,23
2019-11,hip_implant,Exclude,v3,116
2019-11,hip_implant,Low,v3,45
2019-11,hip_implant,Medium,v3,1
2019-12,ai_bioprinting,Exclude,v3,19
2019-12,ai_bioprinting,Low,v3,43
2019-12,ai_bioprinting,Medium,v3,3
2019-12,am_biomedical,Exclude,v3,108
2019-12,am_biomedical,High,v3,3
2019-12,am_biomedical,Low,v3,119
2019-12,am_biomedical,Medium,v3,31
2019-12,fea_surrogate,Exclude,v3,280
2019-12,fea_surrogate,High,v3,3
2019-12,fea_surrogate,Low,v3,103
2019-12,fea_surrogate,Medium,v3,24
2019-12,hip_implant,Exclude,v3,135
2019-12,hip_implant,High,v3,1
2019-12,hip_implant,Low,v3,43
2019-12,hip_implant,Medium,v3,4
2020-01,ai_bioprinting,Exclude,v3,80
2020-01,ai_bioprinting,Low,v3,104
2020-01,ai_bioprinting,Medium,v3,9
2020-01,am_biomedical,Exclude,v3,272
2020-01,am_biomedical,High,v3,12
2020-01,am_biomedical,Low,v3,335
2020-01,am_biomedical,Medium,v3,66
2020-01,fea_surrogate,Exclude,v3,337
2020-01,fea_surrogate,High,v3,12
2020-01,fea_surrogate,Low,v3,267
2020-01,fea_surrogate,Medium,v3,89
2020-01,hip_implant,Exclude,v3,288
2020-01,hip_implant,High,v3,5
2020-01,hip_implant,Low,v3,70
2020-01,hip_implant,Medium,v3,12
2020-02,ai_bioprinting,Exclude,v3,21
2020-02,ai_bioprinting,Low,v3,41
2020-02,ai_bioprinting,Medium,v3,5
2020-02,am_biomedical,Exclude,v3,88
2020-02,am_biomedical,High,v3,6
2020-02,am_biomedical,Low,v3,118
2020-02,am_biomedical,Medium,v3,31
2020-02,fea_surrogate,Exclude,v3,168
2020-02,fea_surrogate,High,v3,6
2020-02,fea_surrogate,Low,v3,57
2020-02,fea_surrogate,Medium,v3,28
2020-02,hip_implant,Exclude,v3,122
2020-02,hip_implant,High,v3,1
2020-02,hip_implant,Low,v3,51
2020-02,hip_implant,Medium,v3,5
2020-03,ai_bioprinting,Exclude,v3,34
2020-03,ai_bioprinting,Low,v3,40
2020-03,ai_bioprinting,Medium,v3,4
2020-03,am_biomedical,Exclude,v3,83
2020-03,am_biomedical,High,v3,6
2020-03,am_biomedical,Low,v3,102
2020-03,am_biomedical,Medium,v3,25
2020-03,fea_surrogate,Exclude,v3,256
2020-03,fea_surrogate,High,v3,8
2020-03,fea_surrogate,Low,v3,165
2020-03,fea_surrogate,Medium,v3,39
2020-03,hip_implant,Exclude,v3,138
2020-03,hip_implant,Low,v3,40
2020-03,hip_implant,Medium,v3,5
2020-04,ai_bioprinting,Exclude,v3,35
2020-04,ai_bioprinting,High,v3,1
2020-04,ai_bioprinting,Low,v3,53
2020-04,ai_bioprinting,Medium,v3,2
2020-04,am_biomedical,Exclude,v3,93
2020-04,am_biomedical,High,v3,8
2020-04,am_biomedical,Low,v3,116
2020-04,am_biomedical,Medium,v3,30
2020-04,fea_surrogate,Exclude,v3,258
2020-04,fea_surrogate,High,v3,6
2020-04,fea_surrogate,Low,v3,85
2020-04,fea_surrogate,Medium,v3,26
2020-04,hip_implant,Exclude,v3,131
2020-04,hip_implant,High,v3,2
2020-04,hip_implant,Low,v3,39
2020-04,hip_implant,Medium,v3,7
2020-05,ai_bioprinting,Exclude,v3,44
2020-05,ai_bioprinting,High,v3,2
2020-05,ai_bioprinting,Low,v3,24
2020-05,ai_bioprinting,Medium,v3,3
2020-05,am_biomedical,Exclude,v3,140
2020-05,am_biomedical,High,v3,6
2020-05,am_biomedical,Low,v3,105
2020-05,am_biomedical,Medium,v3,32
2020-05,fea_surrogate,Exclude,v3,185
2020-05,fea_surrogate,High,v3,2
2020-05,fea_surrogate,Low,v3,80
2020-05,fea_surrogate,Medium,v3,26
2020-05,hip_implant,Exclude,v3,155
2020-05,hip_implant,High,v3,3
2020-05,hip_implant,Low,v3,40
2020-05,hip_implant,Medium,v3,6
2020-06,ai_bioprinting,Exclude,v3,27
2020-06,ai_bioprinting,Low,v3,47
2020-06,ai_bioprinting,Medium,v3,3
2020-06,am_biomedical,Exclude,v3,78
2020-06,am_biomedical,High,v3,7
2020-06,am_biomedical,Low,v3,131
2020-06,am_biomedical,Medium,v3,27
2020-06,fea_surrogate,Exclude,v3,291
2020-06,fea_surrogate,High,v3,10
2020-06,fea_surrogate,Low,v3,180
2020-06,fea_surrogate,Medium,v3,66
2020-06,hip_implant,Exclude,v3,164
2020-06,hip_implant,High,v3,4
2020-06,hip_implant,Low,v3,64
2020-06,hip_implant,Medium,v3,7
2020-07,ai_bioprinting,Exclude,v3,30
2020-07,ai_bioprinting,Low,v3,50
2020-07,ai_bioprinting,Medium,v3,5
2020-07,am_biomedical,Exclude,v3,89
2020-07,am_biomedical,High,v3,7
2020-07,am_biomedical,Low,v3,126
2020-07,am_biomedical,Medium,v3,36
2020-07,fea_surrogate,Exclude,v3,218
2020-07,fea_surrogate,High,v3,3
2020-07,fea_surrogate,Low,v3,142
2020-07,fea_surrogate,Medium,v3,62
2020-07,hip_implant,Exclude,v3,163
2020-07,hip_implant,High,v3,1
2020-07,hip_implant,Low,v3,50
2020-07,hip_implant,Medium,v3,6
2020-08,ai_bioprinting,Exclude,v3,59
2020-08,ai_bioprinting,Low,v3,29
2020-08,ai_bioprinting,Medium,v3,3
2020-08,am_biomedical,Exclude,v3,123
2020-08,am_biomedical,Low,v3,116
2020-08,am_biomedical,Medium,v3,26
2020-08,fea_surrogate,Exclude,v3,229
2020-08,fea_surrogate,High,v3,5
2020-08,fea_surrogate,Low,v3,138
2020-08,fea_surrogate,Medium,v3,54
2020-08,hip_implant,Exclude,v3,132
2020-08,hip_implant,High,v3,4
2020-08,hip_implant,Low,v3,41
2020-08,hip_implant,Medium,v3,2
2020-09,ai_bioprinting,Exclude,v3,33
2020-09,ai_bioprinting,Low,v3,51
2020-09,ai_bioprinting,Medium,v3,5
2020-09,am_biomedical,Exclude,v3,100
2020-09,am_biomedical,High,v3,8
2020-09,am_biomedical,Low,v3,159
2020-09,am_biomedical,Medium,v3,35
2020-09,fea_surrogate,Exclude,v3,757
2020-09,fea_surrogate,High,v3,4
2020-09,fea_surrogate,Low,v3,131
2020-09,fea_surrogate,Medium,v3,47
2020-09,hip_implant,Exclude,v3,139
2020-09,hip_implant,High,v3,2
2020-09,hip_implant,Low,v3,52
2020-09,hip_implant,Medium,v3,7
2020-10,ai_bioprinting,Exclude,v3,29
2020-10,ai_bioprinting,Low,v3,56
2020-10,ai_bioprinting,Medium,v3,4
2020-10,am_biomedical,Exclude,v3,104
2020-10,am_biomedical,High,v3,8
2020-10,am_biomedical,Low,v3,115
2020-10,am_biomedical,Medium,v3,33
2020-10,fea_surrogate,Exclude,v3,271
2020-10,fea_surrogate,High,v3,2
2020-10,fea_surrogate,Low,v3,129
2020-10,fea_surrogate,Medium,v3,55
2020-10,hip_implant,Exclude,v3,164
2020-10,hip_implant,High,v3,4
2020-10,hip_implant,Low,v3,47
2020-10,hip_implant,Medium,v3,12
2020-11,ai_bioprinting,Exclude,v3,51
2020-11,ai_bioprinting,High,v3,1
2020-11,ai_bioprinting,Low,v3,38
2020-11,ai_bioprinting,Medium,v3,4
2020-11,am_biomedical,Exclude,v3,141
2020-11,am_biomedical,High,v3,6
2020-11,am_biomedical,Low,v3,133
2020-11,am_biomedical,Medium,v3,41
2020-11,fea_surrogate,Exclude,v3,232
2020-11,fea_surrogate,High,v3,7
2020-11,fea_surrogate,Low,v3,130
2020-11,fea_surrogate,Medium,v3,54
2020-11,hip_implant,Exclude,v3,156
2020-11,hip_implant,High,v3,1
2020-11,hip_implant,Low,v3,34
2020-11,hip_implant,Medium,v3,5
2020-12,ai_bioprinting,Exclude,v3,50
2020-12,ai_bioprinting,High,v3,1
2020-12,ai_bioprinting,Low,v3,43
2020-12,ai_bioprinting,Medium,v3,5
2020-12,am_biomedical,Exclude,v3,118
2020-12,am_biomedical,High,v3,4
2020-12,am_biomedical,Low,v3,120
2020-12,am_biomedical,Medium,v3,30
2020-12,fea_surrogate,Exclude,v3,293
2020-12,fea_surrogate,High,v3,9
2020-12,fea_surrogate,Low,v3,181
2020-12,fea_surrogate,Medium,v3,43
2020-12,hip_implant,Exclude,v3,175
2020-12,hip_implant,High,v3,4
2020-12,hip_implant,Low,v3,55
2020-12,hip_implant,Medium,v3,7
2021-01,ai_bioprinting,Exclude,v3,80
2021-01,ai_bioprinting,Low,v3,85
2021-01,ai_bioprinting,Medium,v3,2
2021-01,am_biomedical,Exclude,v3,301
2021-01,am_biomedical,High,v3,7
2021-01,am_biomedical,Low,v3,273
2021-01,am_biomedical,Medium,v3,66
2021-01,fea_surrogate,Exclude,v3,347
2021-01,fea_surrogate,High,v3,5
2021-01,fea_surrogate,Low,v3,243
2021-01,fea_surrogate,Medium,v3,85
2021-01,hip_implant,Exclude,v3,272
2021-01,hip_implant,High,v3,2
2021-01,hip_implant,Low,v3,77
2021-01,hip_implant,Medium,v3,13
2021-02,ai_bioprinting,Exclude,v3,38
2021-02,ai_bioprinting,Low,v3,43
2021-02,ai_bioprinting,Medium,v3,1
2021-02,am_biomedical,Exclude,v3,132
2021-02,am_biomedical,High,v3,3
2021-02,am_biomedical,Low,v3,102
2021-02,am_biomedical,Medium,v3,36
2021-02,fea_surrogate,Exclude,v3,166
2021-02,fea_surrogate,High,v3,2
2021-02,fea_surrogate,Low,v3,75
2021-02,fea_surrogate,Medium,v3,15
2021-02,hip_implant,Exclude,v3,149
2021-02,hip_implant,High,v3,3
2021-02,hip_implant,Low,v3,48
2021-02,hip_implant,Medium,v3,9
2021-03,ai_bioprinting,Exclude,v3,44
2021-03,ai_bioprinting,Low,v3,62
2021-03,ai_bioprinting,Medium,v3,7
2021-03,am_biomedical,Exclude,v3,134
2021-03,am_biomedical,High,v3,14
2021-03,am_biomedical,Low,v3,153
2021-03,am_biomedical,Medium,v3,35
2021-03,fea_surrogate,Exclude,v3,246
2021-03,fea_surrogate,High,v3,6
2021-03,fea_surrogate,Low,v3,200
2021-03,fea_surrogate,Medium,v3,62
2021-03,hip_implant,Exclude,v3,170
2021-03,hip_implant,High,v3,1
2021-03,hip_implant,Low,v3,49
2021-03,hip_implant,Medium,v3,7
2021-04,ai_bioprinting,Exclude,v3,58
2021-04,ai_bioprinting,High,v3,1
2021-04,ai_bioprinting,Low,v3,39
2021-04,ai_bioprinting,Medium,v3,4
2021-04,am_biomedical,Exclude,v3,140
2021-04,am_biomedical,High,v3,6
2021-04,am_biomedical,Low,v3,131
2021-04,am_biomedical,Medium,v3,52
2021-04,fea_surrogate,Exclude,v3,254
2021-04,fea_surrogate,High,v3,9
2021-04,fea_surrogate,Low,v3,139
2021-04,fea_surrogate,Medium,v3,52
2021-04,hip_implant,Exclude,v3,135
2021-04,hip_implant,High,v3,1
2021-04,hip_implant,Low,v3,45
2021-04,hip_implant,Medium,v3,3
2021-05,ai_bioprinting,Exclude,v3,60
2021-05,ai_bioprinting,Low,v3,45
2021-05,ai_bioprinting,Medium,v3,1
2021-05,am_biomedical,Exclude,v3,145
2021-05,am_biomedical,High,v3,5
2021-05,am_biomedical,Low,v3,120
2021-05,am_biomedical,Medium,v3,33
2021-05,fea_surrogate,Exclude,v3,232
2021-05,fea_surrogate,High,v3,8
2021-05,fea_surrogate,Low,v3,169
2021-05,fea_surrogate,Medium,v3,68
2021-05,hip_implant,Exclude,v3,133
2021-05,hip_implant,Low,v3,38
2021-05,hip_implant,Medium,v3,6
2021-06,ai_bioprinting,Exclude,v3,47
2021-06,ai_bioprinting,High,v3,1
2021-06,ai_bioprinting,Low,v3,55
2021-06,ai_bioprinting,Medium,v3,2
2021-06,am_biomedical,Exclude,v3,148
2021-06,am_biomedical,High,v3,4
2021-06,am_biomedical,Low,v3,141
2021-06,am_biomedical,Medium,v3,40
2021-06,fea_surrogate,Exclude,v3,303
2021-06,fea_surrogate,High,v3,7
2021-06,fea_surrogate,Low,v3,150
2021-06,fea_surrogate,Medium,v3,82
2021-06,hip_implant,Exclude,v3,150
2021-06,hip_implant,Low,v3,54
2021-06,hip_implant,Medium,v3,6
2021-07,ai_bioprinting,Exclude,v3,52
2021-07,ai_bioprinting,Low,v3,46
2021-07,ai_bioprinting,Medium,v3,2
2021-07,am_biomedical,Exclude,v3,134
2021-07,am_biomedical,High,v3,7
2021-07,am_biomedical,Low,v3,134
2021-07,am_biomedical,Medium,v3,44
2021-07,fea_surrogate,Exclude,v3,263
2021-07,fea_surrogate,High,v3,8
2021-07,fea_surrogate,Low,v3,161
2021-07,fea_surrogate,Medium,v3,85
2021-07,hip_implant,Exclude,v3,170
2021-07,hip_implant,High,v3,1
2021-07,hip_implant,Low,v3,38
2021-07,hip_implant,Medium,v3,3
2021-08,ai_bioprinting,Exclude,v3,52
2021-08,ai_bioprinting,High,v3,2
2021-08,ai_bioprinting,Low,v3,50
2021-08,am_biomedical,Exclude,v3,129
2021-08,am_biomedical,High,v3,3
2021-08,am_biomedical,Low,v3,149
2021-08,am_biomedical,Medium,v3,49
2021-08,fea_surrogate,Exclude,v3,215
2021-08,fea_surrogate,High,v3,6
2021-08,fea_surrogate,Low,v3,116
2021-08,fea_surrogate,Medium,v3,31
2021-08,hip_implant,Exclude,v3,135
2021-08,hip_implant,High,v3,1
2021-08,hip_implant,Low,v3,34
2021-08,hip_implant,Medium,v3,4
2021-09,ai_bioprinting,Exclude,v3,63
2021-09,ai_bioprinting,Low,v3,45
2021-09,ai_bioprinting,Medium,v3,1
2021-09,am_biomedical,Exclude,v3,127
2021-09,am_biomedical,High,v3,7
2021-09,am_biomedical,Low,v3,164
2021-09,am_biomedical,Medium,v3,34
2021-09,fea_surrogate,Exclude,v3,219
2021-09,fea_surrogate,High,v3,8
2021-09,fea_surrogate,Low,v3,179
2021-09,fea_surrogate,Medium,v3,59
2021-09,hip_implant,Exclude,v3,155
2021-09,hip_implant,High,v3,1
2021-09,hip_implant,Low,v3,43
2021-09,hip_implant,Medium,v3,6
2021-10,ai_bioprinting,Exclude,v3,52
2021-10,ai_bioprinting,High,v3,1
2021-10,ai_bioprinting,Low,v3,54
2021-10,ai_bioprinting,Medium,v3,3
2021-10,am_biomedical,Exclude,v3,139
2021-10,am_biomedical,High,v3,15
2021-10,am_biomedical,Low,v3,121
2021-10,am_biomedical,Medium,v3,41
2021-10,fea_surrogate,Exclude,v3,274
2021-10,fea_surrogate,High,v3,7
2021-10,fea_surrogate,Low,v3,218
2021-10,fea_surrogate,Medium,v3,86
2021-10,hip_implant,Exclude,v3,144
2021-10,hip_implant,High,v3,2
2021-10,hip_implant,Low,v3,40
2021-10,hip_implant,Medium,v3,5
2021-11,ai_bioprinting,Exclude,v3,40
2021-11,ai_bioprinting,High,v3,2
2021-11,ai_bioprinting,Low,v3,41
2021-11,ai_bioprinting,Medium,v3,4
2021-11,am_biomedical,Exclude,v3,138
2021-11,am_biomedical,High,v3,5
2021-11,am_biomedical,Low,v3,120
2021-11,am_biomedical,Medium,v3,49
2021-11,fea_surrogate,Exclude,v3,207
2021-11,fea_surrogate,High,v3,10
2021-11,fea_surrogate,Low,v3,175
2021-11,fea_surrogate,Medium,v3,74
2021-11,hip_implant,Exclude,v3,134
2021-11,hip_implant,High,v3,1
2021-11,hip_implant,Low,v3,43
2021-11,hip_implant,Medium,v3,5
2021-12,ai_bioprinting,Exclude,v3,60
2021-12,ai_bioprinting,Low,v3,33
2021-12,ai_bioprinting,Medium,v3,2
2021-12,am_biomedical,Exclude,v3,124
2021-12,am_biomedical,High,v3,7
2021-12,am_biomedical,Low,v3,151
2021-12,am_biomedical,Medium,v3,34
2021-12,fea_surrogate,Exclude,v3,247
2021-12,fea_surrogate,High,v3,2
2021-12,fea_surrogate,Low,v3,128
2021-12,fea_surrogate,Medium,v3,39
2021-12,hip_implant,Exclude,v3,134
2021-12,hip_implant,High,v3,1
2021-12,hip_implant,Low,v3,42
2021-12,hip_implant,Medium,v3,2
2022-01,ai_bioprinting,Exclude,v3,131
2022-01,ai_bioprinting,High,v3,2
2022-01,ai_bioprinting,Low,v3,100
2022-01,ai_bioprinting,Medium,v3,7
2022-01,am_biomedical,Exclude,v3,340
2022-01,am_biomedical,High,v3,13
2022-01,am_biomedical,Low,v3,365
2022-01,am_biomedical,Medium,v3,84
2022-01,fea_surrogate,Exclude,v3,183
2022-01,fea_surrogate,High,v3,9
2022-01,fea_surrogate,Low,v3,245
2022-01,fea_surrogate,Medium,v3,86
2022-01,hip_implant,Exclude,v3,244
2022-01,hip_implant,High,v3,7
2022-01,hip_implant,Low,v3,80
2022-01,hip_implant,Medium,v3,10
2022-02,ai_bioprinting,Exclude,v3,42
2022-02,ai_bioprinting,Low,v3,41
2022-02,ai_bioprinting,Medium,v3,2
2022-02,am_biomedical,Exclude,v3,137
2022-02,am_biomedical,High,v3,6
2022-02,am_biomedical,Low,v3,141
2022-02,am_biomedical,Medium,v3,43
2022-02,fea_surrogate,Exclude,v3,162
2022-02,fea_surrogate,High,v3,18
2022-02,fea_surrogate,Low,v3,157
2022-02,fea_surrogate,Medium,v3,63
2022-02,hip_implant,Exclude,v3,135
2022-02,hip_implant,High,v3,2
2022-02,hip_implant,Low,v3,53
2022-02,hip_implant,Medium,v3,4
2022-03,ai_bioprinting,Exclude,v3,59
2022-03,ai_bioprinting,Low,v3,44
2022-03,ai_bioprinting,Medium,v3,4
2022-03,am_biomedical,Exclude,v3,142
2022-03,am_biomedical,High,v3,5
2022-03,am_biomedical,Low,v3,163
2022-03,am_biomedical,Medium,v3,35
2022-03,fea_surrogate,Exclude,v3,229
2022-03,fea_surrogate,High,v3,8
2022-03,fea_surrogate,Low,v3,193
2022-03,fea_surrogate,Medium,v3,66
2022-03,hip_implant,Exclude,v3,186
2022-03,hip_implant,High,v3,2
2022-03,hip_implant,Low,v3,50
2022-03,hip_implant,Medium,v3,10
2022-04,ai_bioprinting,Exclude,v3,51
2022-04,ai_bioprinting,Low,v3,46
2022-04,ai_bioprinting,Medium,v3,2
2022-04,am_biomedical,Exclude,v3,138
2022-04,am_biomedical,High,v3,5
2022-04,am_biomedical,Low,v3,141
2022-04,am_biomedical,Medium,v3,40
2022-04,fea_surrogate,Exclude,v3,198
2022-04,fea_surrogate,High,v3,13
2022-04,fea_surrogate,Low,v3,146
2022-04,fea_surrogate,Medium,v3,68
2022-04,hip_implant,Exclude,v3,116
2022-04,hip_implant,High,v3,2
2022-04,hip_implant,Low,v3,51
2022-04,hip_implant,Medium,v3,5
2022-05,ai_bioprinting,Exclude,v3,57
2022-05,ai_bioprinting,Low,v3,41
2022-05,am_biomedical,Exclude,v3,97
2022-05,am_biomedical,High,v3,10
2022-05,am_biomedical,Low,v3,162
2022-05,am_biomedical,Medium,v3,52
2022-05,fea_surrogate,Exclude,v3,206
2022-05,fea_surrogate,High,v3,9
2022-05,fea_surrogate,Low,v3,217
2022-05,fea_surrogate,Medium,v3,73
2022-05,hip_implant,Exclude,v3,123
2022-05,hip_implant,High,v3,1
2022-05,hip_implant,Low,v3,39
2022-05,hip_implant,Medium,v3,9
2022-06,ai_bioprinting,Exclude,v3,56
2022-06,ai_bioprinting,Low,v3,46
2022-06,ai_bioprinting,Medium,v3,5
2022-06,am_biomedical,Exclude,v3,130
2022-06,am_biomedical,High,v3,8
2022-06,am_biomedical,Low,v3,145
2022-06,am_biomedical,Medium,v3,54
2022-06,fea_surrogate,Exclude,v3,272
2022-06,fea_surrogate,High,v3,13
2022-06,fea_surrogate,Low,v3,233
2022-06,fea_surrogate,Medium,v3,99
2022-06,hip_implant,Exclude,v3,150
2022-06,hip_implant,High,v3,1
2022-06,hip_implant,Low,v3,39
2022-06,hip_implant,Medium,v3,4
2022-07,ai_bioprinting,Exclude,v3,53
2022-07,ai_bioprinting,High,v3,1
2022-07,ai_bioprinting,Low,v3,39
2022-07,ai_bioprinting,Medium,v3,4
2022-07,am_biomedical,Exclude,v3,152
2022-07,am_biomedical,High,v3,4
2022-07,am_biomedical,Low,v3,155
2022-07,am_biomedical,Medium,v3,45
2022-07,fea_surrogate,Exclude,v3,281
2022-07,fea_surrogate,High,v3,5
2022-07,fea_surrogate,Low,v3,151
2022-07,fea_surrogate,Medium,v3,77
2022-07,hip_implant,Exclude,v3,109
2022-07,hip_implant,Low,v3,45
2022-07,hip_implant,Medium,v3,10
2022-08,ai_bioprinting,Exclude,v3,55
2022-08,ai_bioprinting,Low,v3,58
2022-08,ai_bioprinting,Medium,v3,4
2022-08,am_biomedical,Exclude,v3,128
2022-08,am_biomedical,High,v3,8
2022-08,am_biomedical,Low,v3,146
2022-08,am_biomedical,Medium,v3,45
2022-08,fea_surrogate,Exclude,v3,145
2022-08,fea_surrogate,High,v3,6
2022-08,fea_surrogate,Low,v3,146
2022-08,fea_surrogate,Medium,v3,48
2022-08,hip_implant,Exclude,v3,130
2022-08,hip_implant,Low,v3,44
2022-08,hip_implant,Medium,v3,2
2022-09,ai_bioprinting,Exclude,v3,56
2022-09,ai_bioprinting,High,v3,1
2022-09,ai_bioprinting,Low,v3,62
2022-09,ai_bioprinting,Medium,v3,4
2022-09,am_biomedical,Exclude,v3,161
2022-09,am_biomedical,High,v3,14
2022-09,am_biomedical,Low,v3,212
2022-09,am_biomedical,Medium,v3,55
2022-09,fea_surrogate,Exclude,v3,211
2022-09,fea_surrogate,High,v3,14
2022-09,fea_surrogate,Low,v3,218
2022-09,fea_surrogate,Medium,v3,81
2022-09,hip_implant,Exclude,v3,135
2022-09,hip_implant,High,v3,1
2022-09,hip_implant,Low,v3,34
2022-09,hip_implant,Medium,v3,7
2022-10,ai_bioprinting,Exclude,v3,66
2022-10,ai_bioprinting,High,v3,1
2022-10,ai_bioprinting,Low,v3,44
2022-10,ai_bioprinting,Medium,v3,5
2022-10,am_biomedical,Exclude,v3,122
2022-10,am_biomedical,High,v3,8
2022-10,am_biomedical,Low,v3,184
2022-10,am_biomedical,Medium,v3,41
2022-10,fea_surrogate,Exclude,v3,226
2022-10,fea_surrogate,High,v3,15
2022-10,fea_surrogate,Low,v3,281
2022-10,fea_surrogate,Medium,v3,98
2022-10,hip_implant,Exclude,v3,144
2022-10,hip_implant,Low,v3,40
2022-10,hip_implant,Medium,v3,5
2022-11,ai_bioprinting,Exclude,v3,57
2022-11,ai_bioprinting,High,v3,1
2022-11,ai_bioprinting,Low,v3,53
2022-11,am_biomedical,Exclude,v3,153
2022-11,am_biomedical,High,v3,5
2022-11,am_biomedical,Low,v3,175
2022-11,am_biomedical,Medium,v3,47
2022-11,fea_surrogate,Exclude,v3,250
2022-11,fea_surrogate,High,v3,14
2022-11,fea_surrogate,Low,v3,229
2022-11,fea_surrogate,Medium,v3,75
2022-11,hip_implant,Exclude,v3,131
2022-11,hip_implant,High,v3,2
2022-11,hip_implant,Low,v3,38
2022-11,hip_implant,Medium,v3,2
2022-12,ai_bioprinting,Exclude,v3,64
2022-12,ai_bioprinting,Low,v3,26
2022-12,am_biomedical,Exclude,v3,68
2022-12,am_biomedical,Low,v3,43
2022-12,am_biomedical,Medium,v3,10
2022-12,fea_surrogate,Exclude,v3,26
2022-12,fea_surrogate,High,v3,5
2022-12,fea_surrogate,Low,v3,56
2022-12,fea_surrogate,Medium,v3,29
2022-12,hip_implant,Exclude,v3,22
2022-12,hip_implant,Low,v3,8
2022-12,hip_implant,Medium,v3,2
2023-01,ai_bioprinting,Exclude,v1,2
2023-01,ai_bioprinting,Exclude,v3,122
2023-01,ai_bioprinting,High,v3,1
2023-01,ai_bioprinting,Low,v1,3
2023-01,ai_bioprinting,Low,v3,90
2023-01,ai_bioprinting,Medium,v3,6
2023-01,am_biomedical,Exclude,v1,5
2023-01,am_biomedical,Exclude,v3,150
2023-01,am_biomedical,High,v3,6
2023-01,am_biomedical,Low,v3,84
2023-01,am_biomedical,Medium,v1,1
2023-01,am_biomedical,Medium,v3,33
2023-01,fea_surrogate,Exclude,v3,41
2023-01,fea_surrogate,High,v3,3
2023-01,fea_surrogate,Low,v3,28
2023-01,fea_surrogate,Medium,v3,36
2023-01,hip_implant,Exclude,v3,44
2023-01,hip_implant,High,v3,2
2023-01,hip_implant,Low,v3,12
2023-01,hip_implant,Medium,v3,2
2023-02,ai_bioprinting,Exclude,v3,42
2023-02,ai_bioprinting,High,v3,2
2023-02,ai_bioprinting,Low,v3,30
2023-02,ai_bioprinting,Medium,v3,3
2023-02,am_biomedical,Exclude,v3,67
2023-02,am_biomedical,Low,v3,33
2023-02,am_biomedical,Medium,v3,6
2023-02,fea_surrogate,Exclude,v3,66
2023-02,fea_surrogate,High,v3,1
2023-02,fea_surrogate,Low,v3,40
2023-02,fea_surrogate,Medium,v3,48
2023-02,hip_implant,Exclude,v3,20
2023-02,hip_implant,Low,v3,3
2023-02,hip_implant,Medium,v3,3
2023-03,ai_bioprinting,Exclude,v3,67
2023-03,ai_bioprinting,High,v3,1
2023-03,ai_bioprinting,Low,v3,23
2023-03,ai_bioprinting,Medium,v3,3
2023-03,am_biomedical,Exclude,v3,77
2023-03,am_biomedical,High,v3,4
2023-03,am_biomedical,Low,v3,36
2023-03,am_biomedical,Medium,v3,10
2023-03,fea_surrogate,Exclude,v3,66
2023-03,fea_surrogate,High,v3,3
2023-03,fea_surrogate,Low,v3,40
2023-03,fea_surrogate,Medium,v3,49
2023-03,hip_implant,Exclude,v3,23
2023-03,hip_implant,High,v3,1
2023-03,hip_implant,Low,v3,3
2023-04,ai_bioprinting,Exclude,v3,67
2023-04,ai_bioprinting,High,v3,1
2023-04,ai_bioprinting,Low,v3,39
2023-04,ai_bioprinting,Medium,v3,2
2023-04,am_biomedical,Exclude,v3,58
2023-04,am_biomedical,High,v3,2
2023-04,am_biomedical,Low,v3,28
2023-04,am_biomedical,Medium,v3,11
2023-04,fea_surrogate,Exclude,v3,16
2023-04,fea_surrogate,High,v3,6
2023-04,fea_surrogate,Low,v3,61
2023-04,fea_surrogate,Medium,v3,29
2023-04,hip_implant,Exclude,v3,29
2023-04,hip_implant,Low,v3,8
2023-04,hip_implant,Medium,v3,1
2023-05,ai_bioprinting,Exclude,v3,62
2023-05,ai_bioprinting,Low,v3,27
2023-05,ai_bioprinting,Medium,v3,2
2023-05,am_biomedical,Exclude,v3,54
2023-05,am_biomedical,High,v3,1
2023-05,am_biomedical,Low,v3,24
2023-05,am_biomedical,Medium,v3,12
2023-05,fea_surrogate,Exclude,v3,73
2023-05,fea_surrogate,High,v3,1
2023-05,fea_surrogate,Low,v3,59
2023-05,fea_surrogate,Medium,v3,51
2023-05,hip_implant,Exclude,v3,22
2023-05,hip_implant,Low,v3,4
2023-06,ai_bioprinting,Exclude,v3,77
2023-06,ai_bioprinting,Low,v1,1
2023-06,ai_bioprinting,Low,v3,34
2023-06,ai_bioprinting,Medium,v3,1
2023-06,am_biomedical,Exclude,v3,64
2023-06,am_biomedical,High,v3,1
2023-06,am_biomedical,Low,v3,41
2023-06,am_biomedical,Medium,v3,23
2023-06,fea_surrogate,Exclude,v3,62
2023-06,fea_surrogate,High,v3,2
2023-06,fea_surrogate,Low,v3,44
2023-06,fea_surrogate,Medium,v3,50
2023-06,hip_implant,Exclude,v3,25
2023-06,hip_implant,Low,v3,11
2023-06,hip_implant,Medium,v3,2
2023-07,ai_bioprinting,Exclude,v3,67
2023-07,ai_bioprinting,High,v3,1
2023-07,ai_bioprinting,Low,v3,47
2023-07,ai_bioprinting,Medium,v3,2
2023-07,am_biomedical,Exclude,v3,59
2023-07,am_biomedical,High,v3,3
2023-07,am_biomedical,Low,v3,15
2023-07,am_biomedical,Medium,v3,12
2023-07,fea_surrogate,Exclude,v3,69
2023-07,fea_surrogate,High,v3,2
2023-07,fea_surrogate,Low,v3,40
2023-07,fea_surrogate,Medium,v3,34
2023-07,hip_implant,Exclude,v3,24
2023-07,hip_implant,Low,v3,5
2023-07,hip_implant,Medium,v3,3
2023-08,ai_bioprinting,Exclude,v3,54
2023-08,ai_bioprinting,Low,v3,33
2023-08,ai_bioprinting,Medium,v3,6
2023-08,am_biomedical,Exclude,v1,1
2023-08,am_biomedical,Exclude,v3,57
2023-08,am_biomedical,High,v3,2
2023-08,am_biomedical,Low,v3,32
2023-08,am_biomedical,Medium,v3,15
2023-08,fea_surrogate,Exclude,v3,46
2023-08,fea_surrogate,High,v3,1
2023-08,fea_surrogate,Low,v3,33
2023-08,fea_surrogate,Medium,v3,56
2023-08,hip_implant,Exclude,v3,25
2023-08,hip_implant,Low,v3,5
2023-08,hip_implant,Medium,v3,4
2023-09,ai_bioprinting,Exclude,v3,57
2023-09,ai_bioprinting,Low,v3,31
2023-09,ai_bioprinting,Medium,v3,3
2023-09,am_biomedical,Exclude,v3,70
2023-09,am_biomedical,Low,v3,33
2023-09,am_biomedical,Medium,v3,12
2023-09,fea_surrogate,Exclude,v3,72
2023-09,fea_surrogate,High,v3,2
2023-09,fea_surrogate,Low,v3,45
2023-09,fea_surrogate,Medium,v3,37
2023-09,hip_implant,Exclude,v3,18
2023-09,hip_implant,High,v3,1
2023-09,hip_implant,Low,v3,7
2023-09,hip_implant,Medium,v3,2
2023-10,ai_bioprinting,Exclude,v3,68
2023-10,ai_bioprinting,High,v3,1
2023-10,ai_bioprinting,Low,v3,27
2023-10,ai_bioprinting,Medium,v3,4
2023-10,am_biomedical,Exclude,v3,75
2023-10,am_biomedical,High,v3,3
2023-10,am_biomedical,Low,v3,35
2023-10,am_biomedical,Medium,v3,12
2023-10,fea_surrogate,Exclude,v3,73
2023-10,fea_surrogate,High,v3,2
2023-10,fea_surrogate,Low,v3,66
2023-10,fea_surrogate,Medium,v3,65
2023-10,hip_implant,Exclude,v3,29
2023-10,hip_implant,Low,v3,3
2023-10,hip_implant,Medium,v3,2
2023-11,ai_bioprinting,Exclude,v3,58
2023-11,ai_bioprinting,Low,v1,1
2023-11,ai_bioprinting,Low,v3,26
2023-11,ai_bioprinting,Medium,v3,5
2023-11,am_biomedical,Exclude,v1,1
2023-11,am_biomedical,Exclude,v3,48
2023-11,am_biomedical,High,v3,3
2023-11,am_biomedical,Low,v3,42
2023-11,am_biomedical,Medium,v3,10
2023-11,fea_surrogate,Exclude,v3,62
2023-11,fea_surrogate,High,v3,5
2023-11,fea_surrogate,Low,v3,43
2023-11,fea_surrogate,Medium,v3,49
2023-11,hip_implant,Exclude,v3,14
2023-11,hip_implant,High,v3,1
2023-11,hip_implant,Low,v3,8
2023-11,hip_implant,Medium,v3,2
2023-12,ai_bioprinting,Exclude,v1,1
2023-12,ai_bioprinting,Exclude,v3,53
2023-12,ai_bioprinting,High,v3,1
2023-12,ai_bioprinting,Low,v1,1
2023-12,ai_bioprinting,Low,v3,43
2023-12,ai_bioprinting,Medium,v3,2
2023-12,am_biomedical,Exclude,v1,3
2023-12,am_biomedical,Exclude,v3,66
2023-12,am_biomedical,High,v3,1
2023-12,am_biomedical,Low,v1,4
2023-12,am_biomedical,Low,v3,37
2023-12,am_biomedical,Medium,v1,2
2023-12,am_biomedical,Medium,v3,11
2023-12,fea_surrogate,Exclude,v3,33
2023-12,fea_surrogate,High,v3,10
2023-12,fea_surrogate,Low,v3,75
2023-12,fea_surrogate,Medium,v3,34
2023-12,hip_implant,Exclude,v3,28
2023-12,hip_implant,High,v3,1
2023-12,hip_implant,Low,v1,2
2023-12,hip_implant,Low,v3,5
2023-12,hip_implant,Medium,v3,2
2024-01,ai_bioprinting,Exclude,v1,34
2024-01,ai_bioprinting,Exclude,v3,44
2024-01,ai_bioprinting,Low,v1,81
2024-01,ai_bioprinting,Low,v3,56
2024-01,ai_bioprinting,Medium,v1,8
2024-01,ai_bioprinting,Medium,v3,4
2024-01,am_biomedical,Exclude,v1,50
2024-01,am_biomedical,Exclude,v3,86
2024-01,am_biomedical,High,v1,1
2024-01,am_biomedical,High,v3,4
2024-01,am_biomedical,Low,v1,53
2024-01,am_biomedical,Low,v3,24
2024-01,am_biomedical,Medium,v1,21
2024-01,am_biomedical,Medium,v3,6
2024-01,fea_surrogate,Exclude,v1,46
2024-01,fea_surrogate,Low,v1,39
2024-01,fea_surrogate,Medium,v1,30
2024-01,hip_implant,Exclude,v1,39
2024-01,hip_implant,Exclude,v3,34
2024-01,hip_implant,High,v3,2
2024-01,hip_implant,Low,v1,17
2024-01,hip_implant,Low,v3,6
2024-01,hip_implant,Medium,v1,3
2024-01,hip_implant,Medium,v3,5
2024-02,ai_bioprinting,Exclude,v1,2
2024-02,ai_bioprinting,Exclude,v3,57
2024-02,ai_bioprinting,High,v3,3
2024-02,ai_bioprinting,Low,v1,9
2024-02,ai_bioprinting,Low,v3,40
2024-02,ai_bioprinting,Medium,v3,4
2024-02,am_biomedical,Exclude,v1,5
2024-02,am_biomedical,Exclude,v3,59
2024-02,am_biomedical,High,v1,1
2024-02,am_biomedical,High,v3,1
2024-02,am_biomedical,Low,v1,3
2024-02,am_biomedical,Low,v3,29
2024-02,am_biomedical,Medium,v1,2
2024-02,am_biomedical,Medium,v3,8
2024-02,fea_surrogate,Exclude,v3,47
2024-02,fea_surrogate,High,v3,16
2024-02,fea_surrogate,Low,v3,116
2024-02,fea_surrogate,Medium,v3,51
2024-02,hip_implant,Exclude,v3,36
2024-02,hip_implant,Low,v3,6
2024-02,hip_implant,Medium,v3,1
2024-03,ai_bioprinting,Exclude,v3,56
2024-03,ai_bioprinting,Low,v3,46
2024-03,ai_bioprinting,Medium,v3,4
2024-03,am_biomedical,Exclude,v1,2
2024-03,am_biomedical,Exclude,v3,58
2024-03,am_biomedical,High,v3,4
2024-03,am_biomedical,Low,v1,1
2024-03,am_biomedical,Low,v3,27
2024-03,am_biomedical,Medium,v1,1
2024-03,am_biomedical,Medium,v3,14
2024-03,fea_surrogate,Exclude,v3,34
2024-03,fea_surrogate,High,v3,11
2024-03,fea_surrogate,Low,v3,106
2024-03,fea_surrogate,Medium,v3,39
2024-03,hip_implant,Exclude,v1,1
2024-03,hip_implant,Exclude,v3,35
2024-03,hip_implant,Low,v3,9
2024-03,hip_implant,Medium,v1,1
2024-03,hip_implant,Medium,v3,3
2024-04,ai_bioprinting,Exclude,v3,56
2024-04,ai_bioprinting,High,v3,1
2024-04,ai_bioprinting,Low,v1,1
2024-04,ai_bioprinting,Low,v3,42
2024-04,ai_bioprinting,Medium,v3,2
2024-04,am_biomedical,Exclude,v1,2
2024-04,am_biomedical,Exclude,v3,66
2024-04,am_biomedical,Low,v1,1
2024-04,am_biomedical,Low,v3,50
2024-04,am_biomedical,Medium,v3,10
2024-04,fea_surrogate,Exclude,v3,78
2024-04,fea_surrogate,High,v3,3
2024-04,fea_surrogate,Low,v3,37
2024-04,fea_surrogate,Medium,v3,37
2024-04,hip_implant,Exclude,v3,39
2024-04,hip_implant,High,v3,1
2024-04,hip_implant,Low,v1,2
2024-04,hip_implant,Low,v3,3
2024-05,ai_bioprinting,Exclude,v1,1
2024-05,ai_bioprinting,Exclude,v3,52
2024-05,ai_bioprinting,Low,v3,50
2024-05,ai_bioprinting,Medium,v3,5
2024-05,am_biomedical,Exclude,v3,60
2024-05,am_biomedical,High,v3,1
2024-05,am_biomedical,Low,v3,44
2024-05,am_biomedical,Medium,v3,7
2024-05,fea_surrogate,Exclude,v3,36
2024-05,fea_surrogate,High,v3,10
2024-05,fea_surrogate,Low,v3,117
2024-05,fea_surrogate,Medium,v3,43
2024-05,hip_implant,Exclude,v3,52
2024-05,hip_implant,High,v3,1
2024-05,hip_implant,Low,v3,8
2024-05,hip_implant,Medium,v3,3
2024-06,ai_bioprinting,Exclude,v1,1
2024-06,ai_bioprinting,Exclude,v3,65
2024-06,ai_bioprinting,Low,v3,36
2024-06,ai_bioprinting,Medium,v3,7
2024-06,am_biomedical,Exclude,v1,1
2024-06,am_biomedical,Exclude,v3,78
2024-06,am_biomedical,Low,v3,32
2024-06,am_biomedical,Medium,v3,8
2024-06,fea_surrogate,Exclude,v3,88
2024-06,fea_surrogate,High,v3,3
2024-06,fea_surrogate,Low,v3,55
2024-06,fea_surrogate,Medium,v3,59
2024-06,hip_implant,Exclude,v3,52
2024-06,hip_implant,Low,v3,8
2024-06,hip_implant,Medium,v3,1
2024-07,ai_bioprinting,Exclude,v3,76
2024-07,ai_bioprinting,Low,v3,41
2024-07,ai_bioprinting,Medium,v3,6
2024-07,am_biomedical,Exclude,v3,59
2024-07,am_biomedical,Low,v3,39
2024-07,am_biomedical,Medium,v3,17
2024-07,fea_surrogate,Exclude,v3,72
2024-07,fea_surrogate,High,v3,4
2024-07,fea_surrogate,Low,v3,49
2024-07,fea_surrogate,Medium,v3,51
2024-07,hip_implant,Exclude,v3,50
2024-07,hip_implant,High,v3,2
2024-07,hip_implant,Low,v3,4
2024-07,hip_implant,Medium,v3,1
2024-08,ai_bioprinting,Exclude,v3,69
2024-08,ai_bioprinting,High,v3,3
2024-08,ai_bioprinting,Low,v3,37
2024-08,ai_bioprinting,Medium,v3,4
2024-08,am_biomedical,Exclude,v3,68
2024-08,am_biomedical,High,v3,3
2024-08,am_biomedical,Low,v1,1
2024-08,am_biomedical,Low,v3,36
2024-08,am_biomedical,Medium,v3,8
2024-08,fea_surrogate,Exclude,v3,54
2024-08,fea_surrogate,High,v3,3
2024-08,fea_surrogate,Low,v3,45
2024-08,fea_surrogate,Medium,v3,52
2024-08,hip_implant,Exclude,v1,1
2024-08,hip_implant,Exclude,v3,71
2024-08,hip_implant,Low,v3,9
2024-08,hip_implant,Medium,v3,3
2024-09,ai_bioprinting,Exclude,v3,53
2024-09,ai_bioprinting,High,v3,1
2024-09,ai_bioprinting,Low,v3,40
2024-09,ai_bioprinting,Medium,v3,4
2024-09,am_biomedical,Exclude,v3,71
2024-09,am_biomedical,High,v3,1
2024-09,am_biomedical,Low,v1,1
2024-09,am_biomedical,Low,v3,41
2024-09,am_biomedical,Medium,v3,11
2024-09,fea_surrogate,Exclude,v3,22
2024-09,fea_surrogate,High,v3,7
2024-09,fea_surrogate,Low,v3,89
2024-09,fea_surrogate,Medium,v3,37
2024-09,hip_implant,Exclude,v3,46
2024-09,hip_implant,High,v3,1
2024-09,hip_implant,Low,v3,10
2024-10,ai_bioprinting,Exclude,v3,73
2024-10,ai_bioprinting,High,v3,1
2024-10,ai_bioprinting,Low,v3,32
2024-10,ai_bioprinting,Medium,v3,6
2024-10,am_biomedical,Exclude,v3,81
2024-10,am_biomedical,High,v3,3
2024-10,am_biomedical,Low,v3,37
2024-10,am_biomedical,Medium,v3,15
2024-10,fea_surrogate,Exclude,v3,106
2024-10,fea_surrogate,High,v3,5
2024-10,fea_surrogate,Low,v3,74
2024-10,fea_surrogate,Medium,v3,63
2024-10,hip_implant,Exclude,v3,52
2024-10,hip_implant,High,v3,1
2024-10,hip_implant,Low,v3,14
2024-10,hip_implant,Medium,v3,2
2024-11,ai_bioprinting,Exclude,v3,81
2024-11,ai_bioprinting,High,v3,1
2024-11,ai_bioprinting,Low,v3,37
2024-11,ai_bioprinting,Medium,v3,2
2024-11,am_biomedical,Exclude,v3,49
2024-11,am_biomedical,High,v3,2
2024-11,am_biomedical,Low,v3,36
2024-11,am_biomedical,Medium,v3,8
2024-11,fea_surrogate,Exclude,v3,92
2024-11,fea_surrogate,High,v3,3
2024-11,fea_surrogate,Low,v3,53
2024-11,fea_surrogate,Medium,v3,54
2024-11,hip_implant,Exclude,v3,42
2024-11,hip_implant,Low,v3,11
2024-11,hip_implant,Medium,v3,1
2024-12,ai_bioprinting,Exclude,v3,61
2024-12,ai_bioprinting,High,v3,1
2024-12,ai_bioprinting,Low,v3,63
2024-12,ai_bioprinting,Medium,v1,1
2024-12,ai_bioprinting,Medium,v3,6
2024-12,am_biomedical,Exclude,v3,67
2024-12,am_biomedical,Low,v3,38
2024-12,am_biomedical,Medium,v3,10
2024-12,fea_surrogate,Exclude,v3,50
2024-12,fea_surrogate,High,v3,11
2024-12,fea_surrogate,Low,v3,101
2024-12,fea_surrogate,Medium,v3,50
2024-12,hip_implant,Exclude,v1,1
2024-12,hip_implant,Exclude,v3,54
2024-12,hip_implant,Low,v3,8
2025-01,ai_bioprinting,Exclude,v3,44
2025-01,ai_bioprinting,High,v3,5
2025-01,ai_bioprinting,Low,v1,1
2025-01,ai_bioprinting,Low,v3,102
2025-01,ai_bioprinting,Medium,v3,8
2025-01,am_biomedical,Exclude,v3,96
2025-01,am_biomedical,High,v3,5
2025-01,am_biomedical,Low,v3,46
2025-01,am_biomedical,Medium,v3,14
2025-01,fea_surrogate,Exclude,v3,27
2025-01,fea_surrogate,High,v3,10
2025-01,fea_surrogate,Low,v3,77
2025-01,fea_surrogate,Medium,v3,48
2025-01,hip_implant,Exclude,v3,35
2025-01,hip_implant,High,v3,2
2025-01,hip_implant,Low,v3,18
2025-01,hip_implant,Medium,v3,6
2025-02,ai_bioprinting,Exclude,v3,20
2025-02,ai_bioprinting,High,v3,3
2025-02,ai_bioprinting,Low,v3,61
2025-02,ai_bioprinting,Medium,v3,1
2025-02,am_biomedical,Exclude,v3,42
2025-02,am_biomedical,High,v3,2
2025-02,am_biomedical,Low,v3,18
2025-02,am_biomedical,Medium,v3,6
2025-02,fea_surrogate,Exclude,v3,40
2025-02,fea_surrogate,High,v3,14
2025-02,fea_surrogate,Low,v3,138
2025-02,fea_surrogate,Medium,v3,54
2025-02,hip_implant,Exclude,v3,6
2025-02,hip_implant,Low,v3,7
2025-02,hip_implant,Medium,v3,1
2025-03,ai_bioprinting,Exclude,v3,16
2025-03,ai_bioprinting,High,v3,1
2025-03,ai_bioprinting,Low,v3,62
2025-03,ai_bioprinting,Medium,v3,7
2025-03,am_biomedical,Exclude,v3,32
2025-03,am_biomedical,High,v3,3
2025-03,am_biomedical,Low,v3,25
2025-03,am_biomedical,Medium,v3,10
2025-03,fea_surrogate,Exclude,v3,40
2025-03,fea_surrogate,High,v3,11
2025-03,fea_surrogate,Low,v3,136
2025-03,fea_surrogate,Medium,v3,56
2025-03,hip_implant,Exclude,v3,8
2025-03,hip_implant,High,v3,2
2025-03,hip_implant,Low,v3,11
2025-03,hip_implant,Medium,v3,3
2025-04,ai_bioprinting,Exclude,v3,38
2025-04,ai_bioprinting,High,v3,3
2025-04,ai_bioprinting,Low,v3,93
2025-04,ai_bioprinting,Medium,v3,17
2025-04,am_biomedical,Exclude,v3,50
2025-04,am_biomedical,High,v3,4
2025-04,am_biomedical,Low,v3,41
2025-04,am_biomedical,Medium,v3,19
2025-04,fea_surrogate,Exclude,v3,32
2025-04,fea_surrogate,High,v3,16
2025-04,fea_surrogate,Low,v3,96
2025-04,fea_surrogate,Medium,v3,52
2025-04,hip_implant,Exclude,v3,59
2025-04,hip_implant,High,v3,4
2025-04,hip_implant,Low,v3,14
2025-04,hip_implant,Medium,v3,2
2025-05,ai_bioprinting,Exclude,v3,35
2025-05,ai_bioprinting,High,v3,3
2025-05,ai_bioprinting,Low,v3,87
2025-05,ai_bioprinting,Medium,v3,17
2025-05,am_biomedical,Exclude,v3,41
2025-05,am_biomedical,High,v3,8
2025-05,am_biomedical,Low,v3,59
2025-05,am_biomedical,Medium,v3,14
2025-05,fea_surrogate,Exclude,v3,61
2025-05,fea_surrogate,High,v3,17
2025-05,fea_surrogate,Low,v3,138
2025-05,fea_surrogate,Medium,v3,70
2025-05,hip_implant,Exclude,v3,67
2025-05,hip_implant,High,v1,1
2025-05,hip_implant,High,v3,1
2025-05,hip_implant,Low,v1,1
2025-05,hip_implant,Low,v3,15
2025-05,hip_implant,Medium,v3,2
2025-06,ai_bioprinting,Exclude,v3,47
2025-06,ai_bioprinting,High,v3,5
2025-06,ai_bioprinting,Low,v3,80
2025-06,ai_bioprinting,Medium,v3,13
2025-06,am_biomedical,Exclude,v3,70
2025-06,am_biomedical,High,v3,3
2025-06,am_biomedical,Low,v3,62
2025-06,am_biomedical,Medium,v3,11
2025-06,fea_surrogate,Exclude,v3,74
2025-06,fea_surrogate,High,v3,13
2025-06,fea_surrogate,Low,v3,83
2025-06,fea_surrogate,Medium,v3,54
2025-06,hip_implant,Exclude,v3,59
2025-06,hip_implant,High,v3,2
2025-06,hip_implant,Low,v3,13
2025-07,ai_bioprinting,Exclude,v3,42
2025-07,ai_bioprinting,High,v3,3
2025-07,ai_bioprinting,Low,v3,90
2025-07,ai_bioprinting,Medium,v3,19
2025-07,am_biomedical,Exclude,v3,36
2025-07,am_biomedical,High,v3,1
2025-07,am_biomedical,Low,v3,46
2025-07,am_biomedical,Medium,v3,15
2025-07,fea_surrogate,Exclude,v3,78
2025-07,fea_surrogate,High,v3,20
2025-07,fea_surrogate,Low,v3,97
2025-07,fea_surrogate,Medium,v3,64
2025-07,hip_implant,Exclude,v3,45
2025-07,hip_implant,High,v3,3
2025-07,hip_implant,Low,v3,12
2025-07,hip_implant,Medium,v3,2
2025-08,ai_bioprinting,Exclude,v3,30
2025-08,ai_bioprinting,High,v3,2
2025-08,ai_bioprinting,Low,v3,74
2025-08,ai_bioprinting,Medium,v3,8
2025-08,am_biomedical,Exclude,v3,43
2025-08,am_biomedical,High,v3,7
2025-08,am_biomedical,Low,v3,46
2025-08,am_biomedical,Medium,v3,12
2025-08,fea_surrogate,Exclude,v3,64
2025-08,fea_surrogate,High,v3,13
2025-08,fea_surrogate,Low,v3,87
2025-08,fea_surrogate,Medium,v3,62
2025-08,hip_implant,Exclude,v3,44
2025-08,hip_implant,High,v3,1
2025-08,hip_implant,Low,v3,15
2025-08,hip_implant,Medium,v3,1
2025-09,ai_bioprinting,Exclude,v3,58
2025-09,ai_bioprinting,High,v3,4
2025-09,ai_bioprinting,Low,v3,105
2025-09,ai_bioprinting,Medium,v3,29
2025-09,am_biomedical,Exclude,v3,57
2025-09,am_biomedical,High,v3,8
2025-09,am_biomedical,Low,v3,86
2025-09,am_biomedical,Medium,v3,22
2025-09,fea_surrogate,Exclude,v3,102
2025-09,fea_surrogate,High,v3,22
2025-09,fea_surrogate,Low,v3,115
2025-09,fea_surrogate,Medium,v3,64
2025-09,hip_implant,Exclude,v3,86
2025-09,hip_implant,High,v3,1
2025-09,hip_implant,Low,v3,19
2025-09,hip_implant,Medium,v3,4
2025-10,ai_bioprinting,Exclude,v3,56
2025-10,ai_bioprinting,High,v3,3
2025-10,ai_bioprinting,Low,v3,103
2025-10,ai_bioprinting,Medium,v3,22
2025-10,am_biomedical,Exclude,v3,63
2025-10,am_biomedical,High,v3,9
2025-10,am_biomedical,Low,v3,78
2025-10,am_biomedical,Medium,v3,41
2025-10,fea_surrogate,Exclude,v3,84
2025-10,fea_surrogate,High,v3,13
2025-10,fea_surrogate,Low,v3,113
2025-10,fea_surrogate,Medium,v3,84
2025-10,hip_implant,Exclude,v3,81
2025-10,hip_implant,High,v3,2
2025-10,hip_implant,Low,v3,31
2025-10,hip_implant,Medium,v3,3
2025-11,ai_bioprinting,Exclude,v3,59
2025-11,ai_bioprinting,High,v3,2
2025-11,ai_bioprinting,Low,v3,131
2025-11,ai_bioprinting,Medium,v3,22
2025-11,am_biomedical,Exclude,v3,63
2025-11,am_biomedical,High,v3,9
2025-11,am_biomedical,Low,v3,99
2025-11,am_biomedical,Medium,v3,21
2025-11,fea_surrogate,Exclude,v3,76
2025-11,fea_surrogate,High,v3,16
2025-11,fea_surrogate,Low,v3,106
2025-11,fea_surrogate,Medium,v3,72
2025-11,hip_implant,Exclude,v3,92
2025-11,hip_implant,High,v3,3
2025-11,hip_implant,Low,v3,19
2025-11,hip_implant,Medium,v3,5
2025-12,ai_bioprinting,Exclude,v3,53
2025-12,ai_bioprinting,High,v3,4
2025-12,ai_bioprinting,Low,v3,134
2025-12,ai_bioprinting,Medium,v3,13
2025-12,am_biomedical,Exclude,v3,85
2025-12,am_biomedical,High,v3,9
2025-12,am_biomedical,Low,v3,111
2025-12,am_biomedical,Medium,v3,32
2025-12,fea_surrogate,Exclude,v3,67
2025-12,fea_surrogate,High,v3,18
2025-12,fea_surrogate,Low,v3,110
2025-12,fea_surrogate,Medium,v3,49
2025-12,hip_implant,Exclude,v3,116
2025-12,hip_implant,High,v3,5
2025-12,hip_implant,Low,v3,20
2025-12,hip_implant,Medium,v3,8
2026-01,ai_bioprinting,Exclude,v3,50
2026-01,ai_bioprinting,High,v3,5
2026-01,ai_bioprinting,Low,v3,162
2026-01,ai_bioprinting,Medium,v3,23
2026-01,am_biomedical,Exclude,v3,76
2026-01,am_biomedical,High,v3,12
2026-01,am_biomedical,Low,v3,115
2026-01,am_biomedical,Medium,v3,34
2026-01,fea_surrogate,Exclude,v3,41
2026-01,fea_surrogate,High,v3,16
2026-01,fea_surrogate,Low,v3,123
2026-01,fea_surrogate,Medium,v3,65
2026-01,hip_implant,Exclude,v3,138
2026-01,hip_implant,High,v3,1
2026-01,hip_implant,Low,v3,34
2026-01,hip_implant,Medium,v3,2
2026-02,ai_bioprinting,Exclude,v3,38
2026-02,ai_bioprinting,High,v3,3
2026-02,ai_bioprinting,Low,v3,103
2026-02,ai_bioprinting,Medium,v3,35
2026-02,am_biomedical,Exclude,v3,53
2026-02,am_biomedical,High,v3,6
2026-02,am_biomedical,Low,v3,57
2026-02,am_biomedical,Medium,v3,26
2026-02,fea_surrogate,Exclude,v3,82
2026-02,fea_surrogate,High,v3,27
2026-02,fea_surrogate,Low,v3,112
2026-02,fea_surrogate,Medium,v3,79
2026-02,hip_implant,Exclude,v3,86
2026-02,hip_implant,Low,v3,19
2026-02,hip_implant,Medium,v3,5
2026-03,ai_bioprinting,Exclude,v3,68
2026-03,ai_bioprinting,High,v3,4
2026-03,ai_bioprinting,Low,v3,115
2026-03,ai_bioprinting,Medium,v3,23
2026-03,am_biomedical,Exclude,v3,69
2026-03,am_biomedical,High,v3,10
2026-03,am_biomedical,Low,v3,73
2026-03,am_biomedical,Medium,v3,35
2026-03,fea_surrogate,Exclude,v3,68
2026-03,fea_surrogate,High,v3,14
2026-03,fea_surrogate,Low,v3,130
2026-03,fea_surrogate,Medium,v3,76
2026-03,hip_implant,Exclude,v3,86
2026-03,hip_implant,High,v3,1
2026-03,hip_implant,Low,v3,20
2026-03,hip_implant,Medium,v3,2
2026-04,ai_bioprinting,Exclude,v3,49
2026-04,ai_bioprinting,High,v3,4
2026-04,ai_bioprinting,Low,v3,107
2026-04,ai_bioprinting,Medium,v3,25
2026-04,am_biomedical,Exclude,v3,74
2026-04,am_biomedical,High,v3,8
2026-04,am_biomedical,Low,v3,76
2026-04,am_biomedical,Medium,v3,24
2026-04,fea_surrogate,Exclude,v3,78
2026-04,fea_surrogate,High,v3,16
2026-04,fea_surrogate,Low,v3,127
2026-04,fea_surrogate,Medium,v3,81
2026-04,hip_implant,Exclude,v3,102
2026-04,hip_implant,High,v3,2
2026-04,hip_implant,Low,v3,18
2026-04,hip_implant,Medium,v3,10
2026-05,ai_bioprinting,Exclude,v3,21
2026-05,ai_bioprinting,High,v3,6
2026-05,ai_bioprinting,Low,v3,88
2026-05,ai_bioprinting,Medium,v3,14
2026-05,am_biomedical,Exclude,v3,46
2026-05,am_biomedical,High,v3,4
2026-05,am_biomedical,Low,v3,75
2026-05,am_biomedical,Medium,v3,24
2026-05,fea_surrogate,Exclude,v3,91
2026-05,fea_surrogate,High,v3,25
2026-05,fea_surrogate,Low,v3,186
2026-05,fea_surrogate,Medium,v3,97
2026-05,hip_implant,Exclude,v3,97
2026-05,hip_implant,High,v3,1
2026-05,hip_implant,Low,v3,26
2026-05,hip_implant,Medium,v3,1
2026-06,ai_bioprinting,Exclude,v3,1
2026-06,ai_bioprinting,Low,v3,12
2026-06,am_biomedical,Exclude,v3,8
2026-06,am_biomedical,High,v3,2
2026-06,am_biomedical,Low,v3,4
2026-06,fea_surrogate,Exclude,v3,1
2026-06,hip_implant,Exclude,v3,2
2026-06,hip_implant,High,v3,1
2026-06,hip_implant,Low,v3,2
2026-07,ai_bioprinting,Exclude,v3,1
2026-07,ai_bioprinting,Low,v3,2
2026-07,am_biomedical,Exclude,v3,3
2026-07,am_biomedical,Low,v3,2
2026-07,am_biomedical,Medium,v3,1
2026-08,ai_bioprinting,Low,v3,4
2026-08,am_biomedical,Exclude,v3,1
2026-08,am_biomedical,Low,v3,4
2026-08,am_biomedical,Medium,v3,1
2026-09,ai_bioprinting,Low,v3,2
2026-10,ai_bioprinting,Low,v3,1
2026-10,ai_bioprinting,Medium,v3,1
2026-10,am_biomedical,Exclude,v3,1
2026-10,am_biomedical,Low,v3,1
2026-12,ai_bioprinting,Low,v3,2
2026-12,am_biomedical,Low,v3,2
