tag,direction,year,count_year,count_prev_year,delta
selective laser melting,am_biomedical,2015,68,0,68
mechanical properties,am_biomedical,2015,29,0,29
porous titanium,am_biomedical,2015,26,0,26
Ti-6Al-4V,am_biomedical,2015,20,0,20
additive manufacturing,am_biomedical,2015,19,0,19
osseointegration,am_biomedical,2015,13,0,13
mechanical testing,am_biomedical,2015,12,0,12
Ti6Al4V,am_biomedical,2015,10,0,10
porous structure,am_biomedical,2015,9,0,9
finite element analysis,am_biomedical,2015,8,0,8
microstructure,am_biomedical,2015,8,0,8
stress shielding,am_biomedical,2015,8,0,8
electron beam melting,am_biomedical,2015,7,0,7
heat treatment,am_biomedical,2015,7,0,7
surface modification,am_biomedical,2015,7,0,7
EBM,am_biomedical,2015,6,0,6
biomedical implant,am_biomedical,2015,6,0,6
Young's modulus,am_biomedical,2015,5,0,5
animal study,am_biomedical,2015,5,0,5
compression testing,am_biomedical,2015,5,0,5
fatigue,am_biomedical,2015,5,0,5
in vivo,am_biomedical,2015,5,0,5
lattice structures,am_biomedical,2015,5,0,5
surface roughness,am_biomedical,2015,5,0,5
titanium,am_biomedical,2015,5,0,5
uncertainty quantification,fea_surrogate,2015,139,0,139
surrogate modeling,fea_surrogate,2015,76,0,76
Gaussian process,fea_surrogate,2015,33,0,33
Bayesian optimization,fea_surrogate,2015,18,0,18
active learning,fea_surrogate,2015,13,0,13
polynomial chaos expansion,fea_surrogate,2015,13,0,13
Bayesian inference,fea_surrogate,2015,12,0,12
polynomial chaos,fea_surrogate,2015,11,0,11
epistemic uncertainty,fea_surrogate,2015,8,0,8
sensitivity analysis,fea_surrogate,2015,7,0,7
Kriging,fea_surrogate,2015,6,0,6
model order reduction,fea_surrogate,2015,5,0,5
optimization,fea_surrogate,2015,5,0,5
reliability analysis,fea_surrogate,2015,5,0,5
scalability,fea_surrogate,2015,5,0,5
surrogate modelling,fea_surrogate,2015,5,0,5
micromotion,hip_implant,2015,25,0,25
stress shielding,hip_implant,2015,23,1,22
hip implant,hip_implant,2015,22,0,22
Gruen zones,hip_implant,2015,11,0,11
finite element analysis,hip_implant,2015,11,1,10
primary stability,hip_implant,2015,11,0,11
bone remodeling,hip_implant,2015,8,0,8
total hip arthroplasty,hip_implant,2015,8,0,8
short stem,hip_implant,2015,7,0,7
RSA,hip_implant,2015,6,0,6
femoral stem,hip_implant,2015,6,0,6
DEXA,hip_implant,2015,5,0,5
cementless femoral stem,hip_implant,2015,5,0,5
osseointegration,am_biomedical,2016,34,13,21
Ti6Al4V,am_biomedical,2016,22,10,12
fatigue,am_biomedical,2016,20,5,15
stress shielding,am_biomedical,2016,18,8,10
stiffness matching,am_biomedical,2016,10,3,7
316L stainless steel,am_biomedical,2016,9,1,8
elastic modulus,am_biomedical,2016,8,1,7
dental implant,am_biomedical,2016,7,2,5
porous,am_biomedical,2016,6,1,5
NiTi,am_biomedical,2016,5,0,5
titanium alloy,am_biomedical,2016,5,2,3
titanium lattice,am_biomedical,2016,5,0,5
Bayesian optimization,fea_surrogate,2016,39,18,21
multi-objective optimization,fea_surrogate,2016,10,2,8
high-dimensional,fea_surrogate,2016,7,2,5
sampling efficiency,fea_surrogate,2016,6,2,4
finite element analysis,hip_implant,2016,28,11,17
finite element,hip_implant,2016,9,3,6
patient-specific,hip_implant,2016,8,2,6
cementless THA,hip_implant,2016,5,2,3
hip arthroplasty,hip_implant,2016,5,2,3
press-fit,hip_implant,2016,5,1,4
biomedical implant,am_biomedical,2017,8,4,4
in vitro,am_biomedical,2017,7,3,4
antibacterial,am_biomedical,2017,6,0,6
scaffold,am_biomedical,2017,6,3,3
TPMS,am_biomedical,2017,5,2,3
anisotropy,am_biomedical,2017,5,0,5
functionally graded lattice,am_biomedical,2017,5,0,5
selective laser sintering,am_biomedical,2017,5,2,3
polynomial chaos,fea_surrogate,2017,12,5,7
kriging,fea_surrogate,2017,6,2,4
metamodeling,fea_surrogate,2017,6,2,4
Bayesian calibration,fea_surrogate,2017,5,1,4
acquisition function,fea_surrogate,2017,5,2,3
additive manufacturing,fea_surrogate,2017,5,1,4
finite element method,fea_surrogate,2017,5,1,4
short stem,hip_implant,2017,17,4,13
femoral stem,hip_implant,2017,13,6,7
in vivo,am_biomedical,2018,16,7,9
surface modification,am_biomedical,2018,15,4,11
biocompatibility,am_biomedical,2018,13,3,10
lattice structure,am_biomedical,2018,12,5,7
electron beam melting,am_biomedical,2018,10,3,7
animal study,am_biomedical,2018,9,3,6
316L stainless steel,am_biomedical,2018,7,0,7
NiTi,am_biomedical,2018,7,2,5
titanium alloy,am_biomedical,2018,7,3,4
compression,am_biomedical,2018,6,3,3
compression testing,am_biomedical,2018,6,3,3
porous scaffold,am_biomedical,2018,6,3,3
bone tissue engineering,am_biomedical,2018,5,1,4
compression test,am_biomedical,2018,5,0,5
digital image correlation,am_biomedical,2018,5,0,5
rabbit model,am_biomedical,2018,5,0,5
active learning,fea_surrogate,2018,20,9,11
Kriging,fea_surrogate,2018,13,6,7
machine learning,fea_surrogate,2018,7,1,6
deep learning,fea_surrogate,2018,6,1,5
finite element analysis,fea_surrogate,2018,6,3,3
Monte Carlo,fea_surrogate,2018,5,0,5
reduced-order model,fea_surrogate,2018,5,2,3
hip arthroplasty,hip_implant,2018,11,3,8
patient-specific,hip_implant,2018,8,3,5
RSA,hip_implant,2018,5,1,4
cementless hip stem,hip_implant,2018,5,1,4
microstructure,am_biomedical,2019,36,14,22
lattice structures,am_biomedical,2019,28,10,18
finite element analysis,am_biomedical,2019,18,7,11
titanium,am_biomedical,2019,16,8,8
porosity,am_biomedical,2019,15,7,8
shape memory alloy,am_biomedical,2019,8,4,4
DMLS,am_biomedical,2019,7,3,4
bone implant,am_biomedical,2019,7,2,5
gyroid,am_biomedical,2019,7,3,4
hot isostatic pressing,am_biomedical,2019,7,0,7
stiffness matching,am_biomedical,2019,6,3,3
active learning,fea_surrogate,2019,54,20,34
polynomial chaos expansion,fea_surrogate,2019,21,8,13
multi-fidelity,fea_surrogate,2019,13,4,9
high-dimensional,fea_surrogate,2019,10,5,5
finite element method,fea_surrogate,2019,9,4,5
sampling efficiency,fea_surrogate,2019,7,3,4
acquisition function,fea_surrogate,2019,6,3,3
kriging,fea_surrogate,2019,6,3,3
neural network,fea_surrogate,2019,6,3,3
CFD,fea_surrogate,2019,5,1,4
adaptive sampling,fea_surrogate,2019,5,0,5
constraint handling,fea_surrogate,2019,5,1,4
design optimization,fea_surrogate,2019,5,1,4
reliability-based design optimization,fea_surrogate,2019,5,1,4
selective laser melting,fea_surrogate,2019,5,2,3
transfer learning,fea_surrogate,2019,5,2,3
bioprinting,ai_bioprinting,2020,12,4,8
3D bioprinting,ai_bioprinting,2020,11,2,9
bioink,ai_bioprinting,2020,10,3,7
machine learning,ai_bioprinting,2020,8,1,7
extrusion bioprinting,ai_bioprinting,2020,7,2,5
digital twin,ai_bioprinting,2020,6,1,5
printability,ai_bioprinting,2020,6,1,5
porous titanium,am_biomedical,2020,48,16,32
porous scaffold,am_biomedical,2020,25,10,15
in vivo,am_biomedical,2020,22,8,14
porous structure,am_biomedical,2020,20,8,12
NiTi,am_biomedical,2020,17,6,11
biocompatibility,am_biomedical,2020,17,7,10
316L stainless steel,am_biomedical,2020,16,8,8
energy absorption,am_biomedical,2020,14,6,8
EBM,am_biomedical,2020,10,1,9
corrosion,am_biomedical,2020,10,4,6
bioactivity,am_biomedical,2020,9,4,5
fatigue crack growth,am_biomedical,2020,8,2,6
finite element simulation,am_biomedical,2020,8,2,6
orthopedic implants,am_biomedical,2020,8,2,6
pore size,am_biomedical,2020,8,3,5
animal model,am_biomedical,2020,7,1,6
bone scaffold,am_biomedical,2020,7,2,5
cellular structures,am_biomedical,2020,7,2,5
compressive strength,am_biomedical,2020,7,3,4
elastic modulus,am_biomedical,2020,7,2,5
osteogenesis,am_biomedical,2020,7,1,6
post-processing,am_biomedical,2020,7,1,6
process optimization,am_biomedical,2020,7,3,4
residual stress,am_biomedical,2020,7,3,4
bone regeneration,am_biomedical,2020,6,3,3
build orientation,am_biomedical,2020,6,2,4
compression testing,am_biomedical,2020,6,3,3
defects,am_biomedical,2020,6,2,4
functionally graded lattice,am_biomedical,2020,6,2,4
superelasticity,am_biomedical,2020,6,1,5
surface treatment,am_biomedical,2020,6,2,4
biomedical,am_biomedical,2020,5,1,4
functionally graded,am_biomedical,2020,5,2,3
osteogenic differentiation,am_biomedical,2020,5,2,3
permeability,am_biomedical,2020,5,2,3
surrogate modeling,fea_surrogate,2020,300,146,154
Gaussian process,fea_surrogate,2020,137,60,77
physics-informed NN,fea_surrogate,2020,39,4,35
multi-fidelity,fea_surrogate,2020,28,13,15
sensitivity analysis,fea_surrogate,2020,24,11,13
acquisition function,fea_surrogate,2020,18,6,12
constrained optimization,fea_surrogate,2020,17,6,11
neural network,fea_surrogate,2020,17,6,11
Monte Carlo,fea_surrogate,2020,13,5,8
deep learning,fea_surrogate,2020,12,6,6
inverse problem,fea_surrogate,2020,11,1,10
sample efficiency,fea_surrogate,2020,11,4,7
data-driven,fea_surrogate,2020,10,1,9
design optimization,fea_surrogate,2020,10,5,5
global sensitivity analysis,fea_surrogate,2020,10,4,6
surrogate modelling,fea_surrogate,2020,10,3,7
Bayesian neural network,fea_surrogate,2020,9,2,7
Gaussian processes,fea_surrogate,2020,9,2,7
robust optimization,fea_surrogate,2020,9,1,8
cardiac electrophysiology,fea_surrogate,2020,8,1,7
high-dimensional optimization,fea_surrogate,2020,8,3,5
importance sampling,fea_surrogate,2020,8,4,4
proper orthogonal decomposition,fea_surrogate,2020,8,0,8
shape optimization,fea_surrogate,2020,8,2,6
black-box optimization,fea_surrogate,2020,7,3,4
data assimilation,fea_surrogate,2020,7,1,6
deep neural network,fea_surrogate,2020,7,1,6
reduced order model,fea_surrogate,2020,7,2,5
Gaussian process emulation,fea_surrogate,2020,6,1,5
constraints,fea_surrogate,2020,6,2,4
finite element,fea_surrogate,2020,6,2,4
genetic algorithm,fea_surrogate,2020,6,3,3
materials design,fea_surrogate,2020,6,2,4
multi-objective Bayesian optimization,fea_surrogate,2020,6,0,6
parallel computing,fea_surrogate,2020,6,1,5
physics-informed,fea_surrogate,2020,6,1,5
structural reliability,fea_surrogate,2020,6,1,5
surrogate-based optimization,fea_surrogate,2020,6,2,4
variational inference,fea_surrogate,2020,6,1,5
Bayesian active learning,fea_surrogate,2020,5,0,5
PDE,fea_surrogate,2020,5,0,5
PDE surrogate,fea_surrogate,2020,5,0,5
Pareto front,fea_surrogate,2020,5,0,5
active subspace,fea_surrogate,2020,5,0,5
cardiac modeling,fea_surrogate,2020,5,0,5
constrained Bayesian optimization,fea_surrogate,2020,5,1,4
engineering design,fea_surrogate,2020,5,2,3
expected improvement,fea_surrogate,2020,5,2,3
model order reduction,fea_surrogate,2020,5,1,4
nonlinear dynamics,fea_surrogate,2020,5,1,4
bone remodeling,hip_implant,2020,13,5,8
cementless stem,hip_implant,2020,11,1,10
Gruen zones,hip_implant,2020,10,1,9
bone mineral density,hip_implant,2020,7,1,6
osseointegration,hip_implant,2020,7,3,4
patient-specific,hip_implant,2020,7,2,5
subsidence,hip_implant,2020,6,1,5
DXA,hip_implant,2020,5,0,5
RSA,hip_implant,2020,5,1,4
topology optimization,hip_implant,2020,5,1,4
finite element analysis,am_biomedical,2021,37,18,19
compression,am_biomedical,2021,18,8,10
gyroid,am_biomedical,2021,17,7,10
electron beam melting,am_biomedical,2021,15,2,13
topology optimization,am_biomedical,2021,15,7,8
compression testing,am_biomedical,2021,14,6,8
bone ingrowth,am_biomedical,2021,13,6,7
compressive properties,am_biomedical,2021,12,6,6
biomedical implants,am_biomedical,2021,11,4,7
CoCrMo,am_biomedical,2021,9,1,8
anisotropy,am_biomedical,2021,9,4,5
bone implant,am_biomedical,2021,8,4,4
hydroxyapatite,am_biomedical,2021,8,4,4
lattice,am_biomedical,2021,8,1,7
tensile properties,am_biomedical,2021,8,3,5
mechanical characterization,am_biomedical,2021,7,2,5
tantalum,am_biomedical,2021,7,2,5
patient-specific,am_biomedical,2021,6,1,5
biomimetic,am_biomedical,2021,5,0,5
building orientation,am_biomedical,2021,5,0,5
graded lattice,am_biomedical,2021,5,2,3
micro-CT,am_biomedical,2021,5,2,3
texture,am_biomedical,2021,5,1,4
physics-informed NN,fea_surrogate,2021,87,39,48
deep learning,fea_surrogate,2021,25,12,13
machine learning,fea_surrogate,2021,21,10,11
finite element method,fea_surrogate,2021,20,2,18
transfer learning,fea_surrogate,2021,16,7,9
PDE solving,fea_surrogate,2021,13,3,10
reduced-order model,fea_surrogate,2021,13,6,7
reduced-order modeling,fea_surrogate,2021,13,5,8
CFD,fea_surrogate,2021,12,5,7
MCMC,fea_surrogate,2021,9,4,5
conformal prediction,fea_surrogate,2021,9,2,7
neural networks,fea_surrogate,2021,8,3,5
Bayesian neural networks,fea_surrogate,2021,7,3,4
meta-learning,fea_surrogate,2021,7,1,6
metamodel,fea_surrogate,2021,7,3,4
model calibration,fea_surrogate,2021,7,3,4
regression,fea_surrogate,2021,7,3,4
Navier-Stokes,fea_surrogate,2021,6,0,6
POD,fea_surrogate,2021,6,3,3
calibration,fea_surrogate,2021,6,2,4
inverse problems,fea_surrogate,2021,6,3,3
multilevel Monte Carlo,fea_surrogate,2021,6,3,3
neural operator,fea_surrogate,2021,6,2,4
scalability,fea_surrogate,2021,6,3,3
ANN,fea_surrogate,2021,5,2,3
Bayesian deep learning,fea_surrogate,2021,5,1,4
DeepONet,fea_surrogate,2021,5,0,5
computational fluid dynamics,fea_surrogate,2021,5,0,5
deep ensembles,fea_surrogate,2021,5,2,3
digital twin,fea_surrogate,2021,5,1,4
global optimization,fea_surrogate,2021,5,2,3
mesh-free,fea_surrogate,2021,5,0,5
model reduction,fea_surrogate,2021,5,2,3
neural network surrogate,fea_surrogate,2021,5,2,3
process optimization,fea_surrogate,2021,5,0,5
reservoir simulation,fea_surrogate,2021,5,0,5
surrogate-assisted optimization,fea_surrogate,2021,5,2,3
system identification,fea_surrogate,2021,5,0,5
variational autoencoder,fea_surrogate,2021,5,1,4
short stem,hip_implant,2021,12,6,6
bioink,ai_bioprinting,2022,6,2,4
machine learning,ai_bioprinting,2022,6,3,3
biomedical implant,am_biomedical,2022,21,8,13
compression test,am_biomedical,2022,19,7,12
energy absorption,am_biomedical,2022,18,8,10
machine learning,am_biomedical,2022,14,4,10
process parameters,am_biomedical,2022,13,3,10
AlSi10Mg,am_biomedical,2022,11,1,10
osteogenesis,am_biomedical,2022,11,4,7
compressive strength,am_biomedical,2022,10,5,5
316L,am_biomedical,2022,9,3,6
functionally graded,am_biomedical,2022,9,3,6
bioactivity,am_biomedical,2022,8,2,6
porous structures,am_biomedical,2022,8,4,4
biodegradable,am_biomedical,2022,7,3,4
magnesium alloy,am_biomedical,2022,7,0,7
3D-printed titanium,am_biomedical,2022,6,1,5
animal model,am_biomedical,2022,6,2,4
finite element method,am_biomedical,2022,6,3,3
surface topography,am_biomedical,2022,6,2,4
relative density,am_biomedical,2022,5,2,3
subsidence,am_biomedical,2022,5,0,5
superelasticity,am_biomedical,2022,5,2,3
neural operator,fea_surrogate,2022,33,6,27
DeepONet,fea_surrogate,2022,24,5,19
finite element analysis,fea_surrogate,2022,18,8,10
operator learning,fea_surrogate,2022,18,4,14
physics-informed,fea_surrogate,2022,18,4,14
PDE,fea_surrogate,2022,9,4,5
dynamical systems,fea_surrogate,2022,9,4,5
structural reliability,fea_surrogate,2022,9,3,6
Monte Carlo simulation,fea_surrogate,2022,8,3,5
crystal plasticity,fea_surrogate,2022,8,2,6
engineering design,fea_surrogate,2022,8,3,5
epistemic uncertainty,fea_surrogate,2022,8,4,4
graph neural network,fea_surrogate,2022,8,4,4
importance sampling,fea_surrogate,2022,8,3,5
multi-objective,fea_surrogate,2022,8,4,4
physics-informed machine learning,fea_surrogate,2022,8,1,7
Fourier Neural Operator,fea_surrogate,2022,7,3,4
robust design,fea_surrogate,2022,7,3,4
composites,fea_surrogate,2022,6,2,4
digital image correlation,fea_surrogate,2022,6,0,6
domain decomposition,fea_surrogate,2022,6,3,3
fatigue life prediction,fea_surrogate,2022,6,1,5
heat conduction,fea_surrogate,2022,6,1,5
multiscale,fea_surrogate,2022,6,2,4
physics-constrained,fea_surrogate,2022,6,1,5
recurrent neural network,fea_surrogate,2022,6,2,4
subset simulation,fea_surrogate,2022,6,0,6
Bayesian calibration,fea_surrogate,2022,5,0,5
Fourier neural operator,fea_surrogate,2022,5,2,3
PDE solver,fea_surrogate,2022,5,2,3
aleatoric uncertainty,fea_surrogate,2022,5,1,4
artificial neural network,fea_surrogate,2022,5,1,4
computational mechanics,fea_surrogate,2022,5,1,4
crashworthiness,fea_surrogate,2022,5,1,4
deep Gaussian process,fea_surrogate,2022,5,2,3
elliptic PDE,fea_surrogate,2022,5,0,5
expensive optimization,fea_surrogate,2022,5,1,4
hemodynamics,fea_surrogate,2022,5,1,4
inverse design,fea_surrogate,2022,5,2,3
inverse modeling,fea_surrogate,2022,5,1,4
loss function,fea_surrogate,2022,5,2,3
multi-physics,fea_surrogate,2022,5,0,5
sparse grids,fea_surrogate,2022,5,2,3
symbolic regression,fea_surrogate,2022,5,0,5
hip arthroplasty,hip_implant,2022,6,0,6
bone remodeling,hip_implant,2022,5,1,4
bioprinting,ai_bioprinting,2023,12,6,6
3D bioprinting,ai_bioprinting,2023,9,2,7
pre-printing,ai_bioprinting,2023,8,4,4
hydrogel,ai_bioprinting,2023,6,3,3
spinal fusion,am_biomedical,2023,5,1,4
Fourier neural operator,fea_surrogate,2023,22,5,17
Gaussian processes,fea_surrogate,2023,16,3,13
conformal prediction,fea_surrogate,2023,13,6,7
prediction intervals,fea_surrogate,2023,10,0,10
PINNs,fea_surrogate,2023,9,3,6
bayesian optimization,fea_surrogate,2023,9,1,8
Bayesian,fea_surrogate,2023,7,3,4
Bayesian Optimization,fea_surrogate,2023,7,2,5
parametric PDEs,fea_surrogate,2023,6,3,3
Pareto front,fea_surrogate,2023,5,2,3
transformer,fea_surrogate,2023,5,1,4
bioink,ai_bioprinting,2024,15,5,10
tissue engineering,ai_bioprinting,2024,9,3,6
digital twin,ai_bioprinting,2024,6,2,4
corrosion resistance,am_biomedical,2024,5,2,3
conformal prediction,fea_surrogate,2024,28,13,15
regression,fea_surrogate,2024,16,7,9
high-dimensional optimization,fea_surrogate,2024,14,7,7
inverse problem,fea_surrogate,2024,11,5,6
polynomial chaos expansion,fea_surrogate,2024,8,4,4
constraint handling,fea_surrogate,2024,7,1,6
physics-informed neural operator,fea_surrogate,2024,7,1,6
scientific machine learning,fea_surrogate,2024,7,3,4
surrogate-based optimization,fea_surrogate,2024,7,2,5
graph neural network,fea_surrogate,2024,6,3,3
quantile regression,fea_surrogate,2024,6,3,3
Bayesian neural network,fea_surrogate,2024,5,2,3
computational mechanics,fea_surrogate,2024,5,0,5
homogenization,fea_surrogate,2024,5,1,4
bioprinting,ai_bioprinting,2025,48,22,26
3D bioprinting,ai_bioprinting,2025,44,10,34
bioink,ai_bioprinting,2025,41,15,26
tissue engineering,ai_bioprinting,2025,21,9,12
hydrogel,ai_bioprinting,2025,20,4,16
digital twin,ai_bioprinting,2025,17,6,11
AI for Bioprinting,ai_bioprinting,2025,15,1,14
machine learning,ai_bioprinting,2025,15,7,8
extrusion bioprinting,ai_bioprinting,2025,13,3,10
in vivo,ai_bioprinting,2025,11,1,10
GelMA,ai_bioprinting,2025,10,4,6
extrusion-based bioprinting,ai_bioprinting,2025,10,2,8
rheology,ai_bioprinting,2025,10,1,9
vascularization,ai_bioprinting,2025,10,1,9
printability,ai_bioprinting,2025,9,1,8
AI for bioprinting,ai_bioprinting,2025,8,2,6
bone regeneration,ai_bioprinting,2025,8,1,7
cell viability,ai_bioprinting,2025,8,1,7
collagen,ai_bioprinting,2025,8,0,8
volumetric bioprinting,ai_bioprinting,2025,7,0,7
4D bioprinting,ai_bioprinting,2025,6,0,6
DLP bioprinting,ai_bioprinting,2025,6,2,4
additive manufacturing,ai_bioprinting,2025,6,3,3
pre-processing,ai_bioprinting,2025,6,1,5
biofabrication,ai_bioprinting,2025,5,2,3
electrospinning,ai_bioprinting,2025,5,0,5
in situ bioprinting,ai_bioprinting,2025,5,1,4
in vitro model,ai_bioprinting,2025,5,0,5
pre-printing stage,ai_bioprinting,2025,5,0,5
quality control,ai_bioprinting,2025,5,0,5
real-time monitoring,ai_bioprinting,2025,5,0,5
scaffold,ai_bioprinting,2025,5,0,5
osseointegration,am_biomedical,2025,88,35,53
stress shielding,am_biomedical,2025,54,16,38
TPMS,am_biomedical,2025,35,12,23
mechanical testing,am_biomedical,2025,31,12,19
in vivo,am_biomedical,2025,17,3,14
scaffold,am_biomedical,2025,17,5,12
antibacterial,am_biomedical,2025,14,1,13
energy absorption,am_biomedical,2025,14,3,11
dental implant,am_biomedical,2025,13,2,11
titanium alloy,am_biomedical,2025,11,4,7
biocompatibility,am_biomedical,2025,10,4,6
porous titanium,am_biomedical,2025,10,1,9
PEEK,am_biomedical,2025,9,2,7
bone regeneration,am_biomedical,2025,8,0,8
gyroid,am_biomedical,2025,8,4,4
porosity,am_biomedical,2025,8,2,6
surface modification,am_biomedical,2025,8,2,6
FEA,am_biomedical,2025,7,1,6
bone ingrowth,am_biomedical,2025,7,2,5
bone scaffold,am_biomedical,2025,7,3,4
in vitro,am_biomedical,2025,7,3,4
osteogenesis,am_biomedical,2025,7,1,6
bioactive glass,am_biomedical,2025,6,1,5
hydrogel coating,am_biomedical,2025,6,0,6
titanium,am_biomedical,2025,6,1,5
titanium implant,am_biomedical,2025,6,2,4
anisotropy,am_biomedical,2025,5,2,3
hydroxyapatite,am_biomedical,2025,5,1,4
rabbit model,am_biomedical,2025,5,1,4
topology optimization,am_biomedical,2025,5,1,4
neural operator,fea_surrogate,2025,162,79,83
PDE surrogate,fea_surrogate,2025,69,21,48
physics-informed,fea_surrogate,2025,36,16,20
inverse problem,fea_surrogate,2025,26,11,15
Fourier Neural Operator,fea_surrogate,2025,25,12,13
multi-objective optimization,fea_surrogate,2025,20,10,10
transformer,fea_surrogate,2025,18,8,10
scientific machine learning,fea_surrogate,2025,17,7,10
diffusion model,fea_surrogate,2025,16,4,12
finite element method,fea_surrogate,2025,16,6,10
generative model,fea_surrogate,2025,16,3,13
digital twin,fea_surrogate,2025,15,4,11
graph neural network,fea_surrogate,2025,15,6,9
high-dimensional,fea_surrogate,2025,14,7,7
reduced-order model,fea_surrogate,2025,14,3,11
adaptive sampling,fea_surrogate,2025,12,4,8
inverse problems,fea_surrogate,2025,12,6,6
FNO,fea_surrogate,2025,11,2,9
Bayesian neural network,fea_surrogate,2025,10,5,5
additive manufacturing,fea_surrogate,2025,10,5,5
computational efficiency,fea_surrogate,2025,10,5,5
spectral bias,fea_surrogate,2025,10,1,9
PDE solver,fea_surrogate,2025,9,3,6
attention mechanism,fea_surrogate,2025,9,2,7
data efficiency,fea_surrogate,2025,9,1,8
epistemic uncertainty,fea_surrogate,2025,9,1,8
meta-learning,fea_surrogate,2025,9,2,7
physics-informed machine learning,fea_surrogate,2025,9,2,7
Monte Carlo,fea_surrogate,2025,8,3,5
PDE-constrained optimization,fea_surrogate,2025,8,1,7
data-driven,fea_surrogate,2025,8,1,7
finite element analysis,fea_surrogate,2025,8,4,4
scalability,fea_surrogate,2025,8,2,6
super-resolution,fea_surrogate,2025,8,0,8
aerodynamics,fea_surrogate,2025,7,1,6
finite element simulation,fea_surrogate,2025,7,3,4
flow matching,fea_surrogate,2025,7,1,6
Helmholtz equation,fea_surrogate,2025,6,3,3
KAN,fea_surrogate,2025,6,0,6
foundation model,fea_surrogate,2025,6,0,6
latent space,fea_surrogate,2025,6,2,4
multiscale simulation,fea_surrogate,2025,6,3,3
neural ODE,fea_surrogate,2025,6,2,4
reduced order modeling,fea_surrogate,2025,6,1,5
selective laser melting,fea_surrogate,2025,6,2,4
sensitivity analysis,fea_surrogate,2025,6,3,3
transferable method,fea_surrogate,2025,6,0,6
Bayesian active learning,fea_surrogate,2025,5,1,4
CFD,fea_surrogate,2025,5,1,4
complex geometry,fea_surrogate,2025,5,2,3
finite element,fea_surrogate,2025,5,2,3
flow reconstruction,fea_surrogate,2025,5,0,5
hemodynamics,fea_surrogate,2025,5,1,4
hyperparameter tuning,fea_surrogate,2025,5,2,3
kernel learning,fea_surrogate,2025,5,0,5
multiphase flow,fea_surrogate,2025,5,1,4
multiphysics,fea_surrogate,2025,5,1,4
normalizing flows,fea_surrogate,2025,5,2,3
operator inference,fea_surrogate,2025,5,1,4
regularization,fea_surrogate,2025,5,1,4
spatiotemporal modeling,fea_surrogate,2025,5,0,5
symbolic regression,fea_surrogate,2025,5,0,5
system identification,fea_surrogate,2025,5,2,3
stress shielding,hip_implant,2025,39,18,21
finite element analysis,hip_implant,2025,26,8,18
total hip arthroplasty,hip_implant,2025,14,3,11
Gruen zones,hip_implant,2025,11,5,6
micromotion,hip_implant,2025,11,3,8
femoral stem,hip_implant,2025,8,3,5
patient-specific,hip_implant,2025,7,2,5
periprosthetic fracture,hip_implant,2025,5,2,3
primary stability,hip_implant,2025,5,1,4
316L stainless steel,am_biomedical,2026,8,4,4
corrosion,am_biomedical,2026,8,3,5
3D-printed titanium,am_biomedical,2026,5,2,3
angiogenesis,am_biomedical,2026,5,2,3
hyperelasticity,fea_surrogate,2026,6,0,6
neural PDE solver,fea_surrogate,2026,5,1,4
optimal control,fea_surrogate,2026,5,2,3
