doi	author_priority	topic	in_corpus	radar_priority	direction	direction_name	publication_date	bucket_date	scorer_version	title	relevance_to_user	summary_motivation	daily_page_url	miss_reason	verdict
10.1016/j.clinbiomech.2008.11.003	must_read	直接应力遮挡	false											out_of_window	missing_must_read
10.1016/j.clinbiomech.2009.03.009	must_read	初始稳定性	false											out_of_window	missing_must_read
10.1016/j.clinbiomech.2011.08.004	must_read	初始稳定性	false											out_of_window	missing_must_read
10.1080/10255842.2015.1006209	must_read	FEA方法	false											direction_mismatch_likely	missing_must_read
10.1371/journal.pone.0155612	must_read	真实载荷	false											direction_mismatch_likely	missing_must_read
10.1016/j.jbiomech.2004.05.022	must_read	真实载荷	false											out_of_window	missing_must_read
10.1115/1.4041208	must_read	多孔梯度柄	false											direction_mismatch_likely	missing_must_read
10.1016/j.jmbbm.2017.10.019	must_read	FEA方法	true	Medium	am_biomedical	AM Biomedical Materials	2018-01-01	2018-01-01	v3	Development and in vitro validation of a simplified numerical model for the design of a biomimetic femoral stem.	该论文直接研究多孔结构对股骨柄应力遮挡的影响，并使用LPBF制造和力学测试，但缺少疲劳和表面形貌表征。	减少金属股骨柄的应力遮挡及其导致的骨吸收	https://prezblublu-sun.github.io/research-radar/2018-01-01.html#doi-10-1016-j-jmbbm-2017-10-019		correct_must_read
10.1186/s13018-020-01927-9	must_read	FEA方法	false											direction_mismatch_likely	missing_must_read
10.3390/jcm12093138	must_read	直接应力遮挡	true	Low	hip_implant	Hip Implant & Femoral Stem	2023-04-26	2023-04-26	v3	Relationship between Stress Shielding and Optimal Femoral Canal Contact Regions for Short, Tapered-Wedge Stem Analyzed by 2D and 3D Systems in Total Hip Arthroplasty	该论文通过临床影像分析短柄假体与股骨管接触区域对应力遮挡的影响，但未涉及有限元分析或微动量化，因此对髋关节植入物FE研究仅提供背景参考。	确定短柄假体最优股骨管接触区域以减少应力遮挡	https://prezblublu-sun.github.io/research-radar/2023-04-26.html#doi-10-3390-jcm12093138		under_scored
10.1186/s13018-022-03492-9	must_read	综述	true	Medium	am_biomedical	AM Biomedical Materials	2023-01-16	2023-01-16	v3	Additively manufactured controlled porous orthopedic joint replacement designs to reduce bone stress shielding: a systematic review.	该论文系统综述了多孔植入物设计减少应力屏蔽的方法，直接相关但无新实验数据。	综述多孔关节植入物设计以减少应力屏蔽的现状。	https://prezblublu-sun.github.io/research-radar/2023-01-16.html#doi-10-1186-s13018-022-03492-9		correct_must_read
10.3389/fbioe.2021.772539	must_read	综述	true	Medium	am_biomedical	AM Biomedical Materials	2021-01-01	2021-01-01	v3	Femoral Stems With Porous Lattice Structures: A Review.	该综述直接关注多孔股骨柄设计以减少应力遮挡和促进骨长入，与应用在AM生物医学材料方向的应力遮挡定量评估和疲劳性能验证高度相关。	综述多孔股骨柄设计，探讨降低应力遮挡和促进骨长入的可能性。	https://prezblublu-sun.github.io/research-radar/2021-01-01.html#doi-10-3389-fbioe-2021-772539		correct_must_read
10.1002/jor.70079	must_read	初始稳定性	false											direction_mismatch_likely	missing_must_read
10.1038/s41598-024-61305-x	must_read	FEA方法	false											direction_mismatch_likely	missing_must_read
10.1002/cnm.70049	must_read	形状多目标优化	true	Low	hip_implant	Hip Implant & Femoral Stem	2025-07-01	2025-07-01	v3	A Novel Finite Element Analysis Aided Multiobjective Shape Optimization Approach for Cementless Femoral Components in Hip Implants.			https://prezblublu-sun.github.io/research-radar/2025-07-01.html#doi-10-1002-cnm-70049		under_scored
10.3390/app15073522	must_read	代理模型	false											direction_mismatch_likely	missing_must_read
10.1186/s13018-025-06389-5	must_read	患者特异多孔柄	true	Low	hip_implant	Hip Implant & Femoral Stem	2025-11-14	2025-11-14	v3	Design and optimisation of patient-specific porous femoral stems.			https://prezblublu-sun.github.io/research-radar/2025-11-14.html#doi-10-1186-s13018-025-06389-5		under_scored
10.1016/j.jmbbm.2024.106864	must_read	TPMS+骨改建	true	Medium	am_biomedical	AM Biomedical Materials	2025-03-01	2025-03-01	v3	Developing porous hip implants implementing topology optimization based on the bone remodelling model and fatigue failure.	该论文直接针对髋关节植入物应力屏蔽问题，使用拓扑优化和多孔结构设计，但缺乏实验验证。	实体髋关节植入物导致应力屏蔽和骨吸收，需要多孔结构降低刚度。	https://prezblublu-sun.github.io/research-radar/2025-03-01.html#doi-10-1016-j-jmbbm-2024-106864		correct_must_read
10.3390/app14083200	must_read	综述	false											direction_mismatch_likely	missing_must_read
10.1016/j.medengphy.2016.08.008	useful	改建刺激比较	false											direction_mismatch_likely	missing_useful
10.1038/s41598-018-36503-z	useful	直接应力遮挡	true	High	hip_implant	Hip Implant & Femoral Stem	2019-01-24	2019-01-24	v3	Anatomic grooved stem mitigates strain shielding compared to established total hip arthroplasty stem designs in finite-element models.	该论文直接使用有限元模型量化了不同股骨柄设计对近端股骨应变屏蔽的影响，并比较了完整与植入后股骨的应变分布，与用户研究方向高度相关。	分析不同股骨柄设计对近端骨应变屏蔽的影响，以减轻骨丢失。	https://prezblublu-sun.github.io/research-radar/2019-01-24.html#doi-10-1038-s41598-018-36503-z		over_scored
10.1186/s13018-020-02027-4	useful	直接应力遮挡	true	High	hip_implant	Hip Implant & Femoral Stem	2020-10-29	2020-10-29	v3	Metaphyseal anchoring short stem hip arthroplasty provides a more physiological load transfer: a comparative finite element analysis study.	该论文直接比较了短柄与标准髋关节假体植入后的股骨应力分布，为应力遮挡研究提供了关键参考。	比较短柄与标准柄髋关节置换术后股骨近端应力分布	https://prezblublu-sun.github.io/research-radar/2020-10-29.html#doi-10-1186-s13018-020-02027-4		over_scored
10.1186/s13018-022-03329-5	useful	初始稳定性	false											direction_mismatch_likely	missing_useful
10.1002/jor.25808	useful	初始稳定性	true	High	hip_implant	Hip Implant & Femoral Stem	2024-07-01	2024-07-01	v3	Influence of offset on osseointegration in cementless total hip arthroplasty: A finite element study.	本文直接量化全髋关节置换中股骨假体的微动，与用户关注的骨-植入物界面稳定性和微动阈值高度相关。	研究股骨距偏移对无骨水泥全髋关节置换假体微动的影响。	https://prezblublu-sun.github.io/research-radar/2024-07-01.html#doi-10-1002-jor-25808		over_scored
10.1016/j.jbiomech.2004.05.023	useful	初始稳定性载荷	false											out_of_window	missing_useful
10.1007/s42235-018-0057-1	useful	多孔梯度柄	false											direction_mismatch_likely	missing_useful
10.1007/s10856-020-06420-7	useful	可制造多孔柄	true	High	hip_implant	Hip Implant & Femoral Stem	2020-08-20	2020-08-20	v3	A novel design, analysis and 3D printing of Ti-6Al-4V alloy bio-inspired porous femoral stem.	该论文直接涉及髋关节股骨柄设计，提出多孔结构以减少应力遮挡，与用户研究方向高度相关。	设计刚度接近骨组织的多孔股骨柄以减少应力遮挡。	https://prezblublu-sun.github.io/research-radar/2020-08-20.html#doi-10-1007-s10856-020-06420-7		over_scored
10.1016/j.jot.2022.11.001	useful	新型晶格	true	Medium	hip_implant	Hip Implant & Femoral Stem	2023-01-01	2023-01-01	v3	Capability of auxetic femoral stems to reduce stress shielding after total hip arthroplasty.	该论文直接研究髋关节假体股骨柄的应力遮挡问题，与用户研究方向高度相关。	股骨柄应力遮挡是THA术后翻修的主要机械原因，引入负泊松比结构以减少应力遮挡。	https://prezblublu-sun.github.io/research-radar/2023-01-01.html#doi-10-1016-j-jot-2022-11-001		correct_useful
10.3390/ma16083151	useful	多尺度拓扑优化	true	Medium	hip_implant	Hip Implant & Femoral Stem	2023-04-17	2023-04-17	v3	Multi-Scale Topology Optimization of Femoral Stem Structure Subject to Stress Shielding Reduce.	本文提出多尺度拓扑优化方法设计股骨柄以降低应力遮挡，与用户研究方向直接相关。	提出多尺度拓扑优化方法减少股骨柄应力遮挡	https://prezblublu-sun.github.io/research-radar/2023-04-17.html#doi-10-3390-ma16083151		correct_useful
10.1038/s44455-025-00003-8	useful	功能梯度TPMS	true	Low	am_biomedical	AM Biomedical Materials	2025-08-11	2025-08-11	v3	A Computational Optimisation Study of Hip Implant Using Density Mapping Functionally Graded Biomimetic TPMS-based Lattice Structures			https://prezblublu-sun.github.io/research-radar/2025-08-11.html#doi-10-1038-s44455-025-00003-8		correct_useful
10.1007/s10237-024-01903-w	useful	降阶模型	false											direction_mismatch_likely	missing_useful
10.1016/j.xnsj.2025.100598	useful	物理信息代理	false											direction_mismatch_likely	missing_useful
10.1093/jcde/qwad072	useful	综述	false											direction_mismatch_likely	missing_useful
10.1016/j.cad.2022.103225	peripheral	RL设计探索	false											direction_mismatch_likely	missing_peripheral
10.1016/j.engappai.2025.112273	peripheral	RL设计探索	false											direction_mismatch_likely	missing_peripheral
